Date,Day,State,Price,Demand,NetExport
15/07/2018,Sun,NSW,51.71,7563.77,-1231.09
16/07/2018,Mon,NSW,87.91,8966.19,-18.63
17/07/2018,Tue,NSW,62.8,8050.47,-643.05
18/07/2018,Wed,NSW,54.48,7839.91,-742.36
19/07/2018,Thu,NSW,64.2,8168.44,-40.59
20/07/2018,Fri,NSW,60.89,8253.69,318.12
21/07/2018,Sat,NSW,59.09,7427.32,-549.81
22/07/2018,Sun,NSW,56.03,7492.25,-2054.19
23/07/2018,Mon,NSW,60.72,8382.37,-657.04
24/07/2018,Tue,NSW,60.47,7802.25,-321.77
25/07/2018,Wed,NSW,58.77,7741.68,275.85
26/07/2018,Thu,NSW,62.51,7973.8,20.29
27/07/2018,Fri,NSW,60.98,7782.05,-520.14
28/07/2018,Sat,NSW,53.95,7410.9,-1296.46
29/07/2018,Sun,NSW,59.7,7038.22,-1573.51
30/07/2018,Mon,NSW,54.36,7821.71,-787.15
31/07/2018,Tue,NSW,51.98,7866.29,-1217.28
1/08/2018,Wed,NSW,61.35,7767.75,-523.91
2/08/2018,Thu,NSW,56.05,7845.35,-1225.85
3/08/2018,Fri,NSW,64.07,7717.56,24.78
4/08/2018,Sat,NSW,62.18,7092.25,-1268.04
5/08/2018,Sun,NSW,55.53,6805.69,-1704.44
6/08/2018,Mon,NSW,74.15,8297.43,-208.81
7/08/2018,Tue,NSW,59.7,7956.95,-448.63
8/08/2018,Wed,NSW,62.7,7974.49,-796.31
9/08/2018,Thu,NSW,63.84,7735.77,-1141.34
10/08/2018,Fri,NSW,61.67,7517.81,-1175.19
11/08/2018,Sat,NSW,61,6935.3,-1536.75
12/08/2018,Sun,NSW,59.27,6983.53,-1689.75
13/08/2018,Mon,NSW,63.17,7780.89,-1088.9
14/08/2018,Tue,NSW,61.76,7566.55,-1331.78
15/08/2018,Wed,NSW,62.04,7581.19,-1127.51
16/08/2018,Thu,NSW,101.12,7436.41,-734.01
17/08/2018,Fri,NSW,61.14,7598.03,-1107.51
18/08/2018,Sat,NSW,61.41,7230.76,-1429.41
19/08/2018,Sun,NSW,61.1,7381.25,-1669.02
20/08/2018,Mon,NSW,70.08,8032.99,-708.67
21/08/2018,Tue,NSW,69.81,7952.98,-424.48
22/08/2018,Wed,NSW,73.54,8155.64,-346.44
23/08/2018,Thu,NSW,80,8248.25,-694.91
24/08/2018,Fri,NSW,76.39,7835.97,-898.79
25/08/2018,Sat,NSW,119.4,7803.69,-975.81
26/08/2018,Sun,NSW,86.86,7795.34,-1440.88
27/08/2018,Mon,NSW,86.74,8802.53,-1000.79
28/08/2018,Tue,NSW,85.85,8130.5,-581.56
29/08/2018,Wed,NSW,63.12,7508.96,-571.92
30/08/2018,Thu,NSW,91.75,8047.52,-1381.02
31/08/2018,Fri,NSW,95.44,8872.59,-1484.33
1/09/2018,Sat,NSW,78.14,6997.45,-305.04
2/09/2018,Sun,NSW,72.25,7262.97,-461.38
3/09/2018,Mon,NSW,131.95,8850.64,-1112.84
4/09/2018,Tue,NSW,94.51,8032.41,-623.63
5/09/2018,Wed,NSW,99.86,7977.19,-778.38
6/09/2018,Thu,NSW,134.4,8040.64,-861.48
7/09/2018,Fri,NSW,98.25,7720.97,-736.22
8/09/2018,Sat,NSW,92.79,7888.68,-1327.52
9/09/2018,Sun,NSW,56.85,6349.36,-1400.97
10/09/2018,Mon,NSW,72.96,7449.4,-868.46
11/09/2018,Tue,NSW,74.64,7407.73,-1550.21
12/09/2018,Wed,NSW,61.69,7490.01,-1027.3
13/09/2018,Thu,NSW,67.73,7342.53,-1387.27
14/09/2018,Fri,NSW,54.58,7316.82,-1439.82
15/09/2018,Sat,NSW,55.34,6948.79,-1622.14
16/09/2018,Sun,NSW,49.9,6397.92,-993.05
17/09/2018,Mon,NSW,59.66,7334.93,-1000.57
18/09/2018,Tue,NSW,66.82,7148.45,-377.49
19/09/2018,Wed,NSW,68.77,7395.88,-634.08
20/09/2018,Thu,NSW,83.5,7288.2,-392.95
21/09/2018,Fri,NSW,62.33,7182.31,-1165.71
22/09/2018,Sat,NSW,62.99,6674.02,-1300.48
23/09/2018,Sun,NSW,57.41,6415.34,-731.39
24/09/2018,Mon,NSW,71.31,8047.36,-363.09
25/09/2018,Tue,NSW,85.24,7639.67,-265.53
26/09/2018,Wed,NSW,116.89,8269.06,-590.91
27/09/2018,Thu,NSW,71.78,7223.61,-189.74
28/09/2018,Fri,NSW,55.76,7438.87,-885.64
29/09/2018,Sat,NSW,60.11,6460.62,-223.95
30/09/2018,Sun,NSW,65.31,6281.46,-1154.28
1/10/2018,Mon,NSW,59.87,6190.45,-173.92
2/10/2018,Tue,NSW,71.24,7481.71,-480.81
3/10/2018,Wed,NSW,93.74,7888.74,-551.83
4/10/2018,Thu,NSW,91.3,8240.59,-1267.89
5/10/2018,Fri,NSW,93.73,8212.85,-548.87
6/10/2018,Sat,NSW,163.8,6892.93,-146.94
7/10/2018,Sun,NSW,60.93,6965.78,-471.12
8/10/2018,Mon,NSW,89.84,7524.15,-277.53
9/10/2018,Tue,NSW,83.46,7725.77,-248.69
10/10/2018,Wed,NSW,97.17,8260.21,-770.37
11/10/2018,Thu,NSW,69.32,7871.3,-171.2
12/10/2018,Fri,NSW,81.32,7714.91,-50.8
13/10/2018,Sat,NSW,65.1,6923.83,14.99
14/10/2018,Sun,NSW,51.59,6730.18,-908.65
15/10/2018,Mon,NSW,74.77,7696.8,-362.68
16/10/2018,Tue,NSW,84.48,7727.94,-734.18
17/10/2018,Wed,NSW,180.59,8097.87,-1201.41
18/10/2018,Thu,NSW,134.17,7905.12,-1138.09
19/10/2018,Fri,NSW,110.5,7796.86,-1675.78
20/10/2018,Sat,NSW,61.8,7428.44,-1367.15
21/10/2018,Sun,NSW,80.85,6783.97,-631.4
22/10/2018,Mon,NSW,60.09,7569.3,-85.93
23/10/2018,Tue,NSW,60.47,8106.11,-257.08
24/10/2018,Wed,NSW,75.62,7670.29,185.65
25/10/2018,Thu,NSW,103.58,7670.58,-469.64
26/10/2018,Fri,NSW,92.61,7536.32,-102.53
27/10/2018,Sat,NSW,61.13,6755.48,-214.25
28/10/2018,Sun,NSW,67.71,6909.73,-171.38
29/10/2018,Mon,NSW,106.6,7605.43,328.52
30/10/2018,Tue,NSW,89.51,7882.74,112.27
31/10/2018,Wed,NSW,163.55,8359.46,-849.29
1/11/2018,Thu,NSW,120.55,9207.33,-1087.77
2/11/2018,Fri,NSW,110,10639.61,-1822.68
3/11/2018,Sat,NSW,79.87,9053.8,-622.22
4/11/2018,Sun,NSW,68.37,7447.25,348.1
5/11/2018,Mon,NSW,82.28,8932.91,11.48
6/11/2018,Tue,NSW,219.75,9714.26,-701.53
7/11/2018,Wed,NSW,70.41,8587.44,-516.37
8/11/2018,Thu,NSW,59.17,7169.85,512.56
9/11/2018,Fri,NSW,82.64,7279.41,-286.87
10/11/2018,Sat,NSW,59.53,6650.14,-62.87
11/11/2018,Sun,NSW,56.52,6587.12,-305.73
12/11/2018,Mon,NSW,112.66,7996.54,-87.99
13/11/2018,Tue,NSW,80.63,8373.75,-155.54
14/11/2018,Wed,NSW,99.2,8130.03,-679.53
15/11/2018,Thu,NSW,77.31,8098.3,-189.4
16/11/2018,Fri,NSW,85.01,7617.22,-635.75
17/11/2018,Sat,NSW,80.66,6784.52,-453.15
18/11/2018,Sun,NSW,74.47,6648.76,-181.84
19/11/2018,Mon,NSW,128.22,7595.82,406.8
20/11/2018,Tue,NSW,104.09,8294.41,95.34
21/11/2018,Wed,NSW,70.57,8266.93,370.82
22/11/2018,Thu,NSW,54.47,7339.05,225.86
23/11/2018,Fri,NSW,59.25,7076.66,365.63
24/11/2018,Sat,NSW,53.43,6491.66,210.2
25/11/2018,Sun,NSW,61.66,6578.8,714.3
26/11/2018,Mon,NSW,92.61,7634.42,633.04
27/11/2018,Tue,NSW,80.28,8270.42,-182.07
28/11/2018,Wed,NSW,64.71,8156.21,-184.34
29/11/2018,Thu,NSW,91.61,7616.15,-9.07
30/11/2018,Fri,NSW,71.12,7563.06,-263.35
1/12/2018,Sat,NSW,134.7,7512.16,-806.4
2/12/2018,Sun,NSW,86.25,8256.86,-662.26
3/12/2018,Mon,NSW,87.62,8447.58,-604.95
4/12/2018,Tue,NSW,124.18,8467.81,-757.13
5/12/2018,Wed,NSW,133.92,8069.38,-198.1
6/12/2018,Thu,NSW,64.82,8328.27,-225.58
7/12/2018,Fri,NSW,60.97,8593.45,-697
8/12/2018,Sat,NSW,90.79,8502.13,-162.85
9/12/2018,Sun,NSW,79.5,8614.06,-618.45
10/12/2018,Mon,NSW,97.9,9280.57,-545.73
11/12/2018,Tue,NSW,130.42,8532.46,-147.3
12/12/2018,Wed,NSW,94.96,8508.37,-144.29
13/12/2018,Thu,NSW,109.39,9414.01,-823.65
14/12/2018,Fri,NSW,107.02,8646.28,443.31
15/12/2018,Sat,NSW,88.36,8826.61,-1234.06
16/12/2018,Sun,NSW,102.78,8982.86,-786.42
17/12/2018,Mon,NSW,115.01,10034.7,-1573.33
18/12/2018,Tue,NSW,104.8,9608.16,-1518.84
19/12/2018,Wed,NSW,287.01,9281.84,-1456.54
20/12/2018,Thu,NSW,277.33,10980.05,-1917.37
21/12/2018,Fri,NSW,79.05,8181.13,-839.29
22/12/2018,Sat,NSW,63.93,6769.31,-564.5
23/12/2018,Sun,NSW,51.84,6410.11,-506.78
24/12/2018,Mon,NSW,61.45,7493.54,-306.15
25/12/2018,Tue,NSW,51.36,7396.39,-644.11
26/12/2018,Wed,NSW,95.08,8658.04,-1020.51
27/12/2018,Thu,NSW,118.87,10477.71,-1203.76
28/12/2018,Fri,NSW,235.33,10853,-1431.85
29/12/2018,Sat,NSW,87.94,10319.03,-1070.94
30/12/2018,Sun,NSW,109.29,10074.32,-1544.87
31/12/2018,Mon,NSW,88.87,10626.82,-1051.85
1/01/2019,Tue,NSW,92.96,9932.58,-1338.77
2/01/2019,Wed,NSW,108.24,10901.94,-1461.01
3/01/2019,Thu,NSW,120.09,10268.19,-809.47
4/01/2019,Fri,NSW,191.61,11293.18,-966.62
5/01/2019,Sat,NSW,97.22,10162.83,-1634.59
6/01/2019,Sun,NSW,62.56,7132.81,-426.9
7/01/2019,Mon,NSW,78.05,8555.78,145.02
8/01/2019,Tue,NSW,108.01,10275.02,-903.77
9/01/2019,Wed,NSW,110.08,10029.99,-986.13
10/01/2019,Thu,NSW,104.14,8820.69,41.28
11/01/2019,Fri,NSW,126.14,9606.14,-632.88
12/01/2019,Sat,NSW,113.84,10045.57,-1156.58
13/01/2019,Sun,NSW,63.75,8501.42,-347.05
14/01/2019,Mon,NSW,202.29,10955.27,-1053.87
15/01/2019,Tue,NSW,275.25,12447.64,-1764.43
16/01/2019,Wed,NSW,302.54,12875.99,-1361.44
17/01/2019,Thu,NSW,280.2,12870.55,-2102.71
18/01/2019,Fri,NSW,221.73,12976.16,-906.35
19/01/2019,Sat,NSW,75.27,9053.28,-835.28
20/01/2019,Sun,NSW,76.43,8638.32,-403.46
21/01/2019,Mon,NSW,127.06,10073.62,-560.64
22/01/2019,Tue,NSW,284.54,12121.4,-1643.98
23/01/2019,Wed,NSW,150.96,10920.22,-998.91
24/01/2019,Thu,NSW,196.59,10461.69,-1077.88
25/01/2019,Fri,NSW,258.43,12616.08,-1170.75
26/01/2019,Sat,NSW,218.84,11613.09,-1634.06
27/01/2019,Sun,NSW,98.43,10732.39,-1714.12
28/01/2019,Mon,NSW,187.58,9645.17,-1077.72
29/01/2019,Tue,NSW,270.94,12526.13,-899.08
30/01/2019,Wed,NSW,243.83,11899.53,-544.84
31/01/2019,Thu,NSW,153.06,13043.68,-1875.19
1/02/2019,Fri,NSW,88.47,8559.97,191.03
2/02/2019,Sat,NSW,81.57,8227.97,-181.98
3/02/2019,Sun,NSW,99.11,10008.05,-1070.09
4/02/2019,Mon,NSW,292.45,11815.99,-2127.49
5/02/2019,Tue,NSW,101.3,10445.73,-1038.71
6/02/2019,Wed,NSW,265.37,10688.94,-1120.4
7/02/2019,Thu,NSW,123.46,11038.88,-1071.51
8/02/2019,Fri,NSW,115.82,11242.69,-1203.53
9/02/2019,Sat,NSW,83.61,8856.57,-799.74
10/02/2019,Sun,NSW,68.08,7052.16,-492.59
11/02/2019,Mon,NSW,102.34,9366.73,-533.68
12/02/2019,Tue,NSW,95.59,11121.6,-936.47
13/02/2019,Wed,NSW,86.35,8586.78,-83.5
14/02/2019,Thu,NSW,97.13,8346.54,86.91
15/02/2019,Fri,NSW,110.02,8690.39,-242.09
16/02/2019,Sat,NSW,92.52,8155.92,-438.09
17/02/2019,Sun,NSW,110.68,9002.52,-812.26
18/02/2019,Mon,NSW,114.93,11280.17,-1397.99
19/02/2019,Tue,NSW,116.3,9755.48,-1044
20/02/2019,Wed,NSW,100.61,8726.61,-207.35
21/02/2019,Thu,NSW,95.67,8606.02,-73.78
22/02/2019,Fri,NSW,74.74,7939.05,325.3
23/02/2019,Sat,NSW,45.31,6892.59,100.17
24/02/2019,Sun,NSW,39.13,6819.08,-223.26
25/02/2019,Mon,NSW,82.1,8269.25,-500.64
26/02/2019,Tue,NSW,85.43,8775.06,-521.58
27/02/2019,Wed,NSW,80.3,8980.56,-394.51
28/02/2019,Thu,NSW,134.95,9447.55,-1314.05
1/03/2019,Fri,NSW,90.82,9457.75,-1052.75
2/03/2019,Sat,NSW,98.37,8403.92,-985.01
3/03/2019,Sun,NSW,99.3,8637.56,-1319.38
4/03/2019,Mon,NSW,140.49,10853.93,-1359.36
5/03/2019,Tue,NSW,113.48,10768.26,-1455.78
6/03/2019,Wed,NSW,93.27,9650.9,-1372.71
7/03/2019,Thu,NSW,102.62,8118.11,-28.66
8/03/2019,Fri,NSW,114.48,9259.4,-807.57
9/03/2019,Sat,NSW,66.01,7903.5,-1006.03
10/03/2019,Sun,NSW,72.22,8814.32,-789.79
11/03/2019,Mon,NSW,77.61,9668.33,-916.24
12/03/2019,Tue,NSW,78.3,10369.77,-529.25
13/03/2019,Wed,NSW,93.56,8617.13,470.21
14/03/2019,Thu,NSW,116.1,9287.7,-353.02
15/03/2019,Fri,NSW,110.81,8037.63,-172.72
16/03/2019,Sat,NSW,73.64,7446.57,-534.64
17/03/2019,Sun,NSW,73.03,7423.29,-113.85
18/03/2019,Mon,NSW,79.97,8218.41,73.03
19/03/2019,Tue,NSW,97.53,8452.5,-237.51
20/03/2019,Wed,NSW,126.05,8686.64,-347.69
21/03/2019,Thu,NSW,128.05,8843.06,-827.41
22/03/2019,Fri,NSW,136.64,8820,-1082.86
23/03/2019,Sat,NSW,151.39,8112.55,-1098.6
24/03/2019,Sun,NSW,119.3,8918.76,-1278.38
25/03/2019,Mon,NSW,95.46,8616.75,-968.85
26/03/2019,Tue,NSW,89.6,7884.51,-424.39
27/03/2019,Wed,NSW,93.59,7940.91,-386.01
28/03/2019,Thu,NSW,95.29,8234.93,-684.19
29/03/2019,Fri,NSW,91.91,8482.47,-1251.55
30/03/2019,Sat,NSW,54.08,6738.24,-400.33
31/03/2019,Sun,NSW,66.12,6269,-746.76
1/04/2019,Mon,NSW,100.63,7645.4,-820.51
2/04/2019,Tue,NSW,99.91,8033.56,-303.62
3/04/2019,Wed,NSW,96.7,7875.63,-803.79
4/04/2019,Thu,NSW,85.9,8175.43,-1044.1
5/04/2019,Fri,NSW,84.58,8091.01,-808.36
6/04/2019,Sat,NSW,81.41,7190.25,-439.28
7/04/2019,Sun,NSW,63.23,7271.89,-1202.28
8/04/2019,Mon,NSW,121.16,8939.21,-1028.99
9/04/2019,Tue,NSW,91.52,8348.59,-503.08
10/04/2019,Wed,NSW,85.03,7542.03,-321.15
11/04/2019,Thu,NSW,100.57,7704.06,-778.24
12/04/2019,Fri,NSW,110,7568.92,-522.34
13/04/2019,Sat,NSW,80.25,7029.24,-825.83
14/04/2019,Sun,NSW,99,6807.58,-798.13
15/04/2019,Mon,NSW,100.36,7731.39,-905.21
16/04/2019,Tue,NSW,108.62,7874.01,-969.49
17/04/2019,Wed,NSW,138.24,7999.15,-843.81
18/04/2019,Thu,NSW,110.85,8044.87,-1051.6
19/04/2019,Fri,NSW,75.3,6639.92,-878.15
20/04/2019,Sat,NSW,84.79,6875.95,-1120.16
21/04/2019,Sun,NSW,54.87,6779.09,-859.65
22/04/2019,Mon,NSW,85.88,7216.5,-815.68
23/04/2019,Tue,NSW,82.6,8001.35,-419.07
24/04/2019,Wed,NSW,72.04,7892.12,-256.39
25/04/2019,Thu,NSW,42.74,6888.16,-1195.06
26/04/2019,Fri,NSW,54.69,7653.32,-541.23
27/04/2019,Sat,NSW,55.76,6563.8,-361.21
28/04/2019,Sun,NSW,55.57,6533.5,-273.28
29/04/2019,Mon,NSW,63.74,7802.21,-124.66
30/04/2019,Tue,NSW,87.44,7992.93,-14.4
1/05/2019,Wed,NSW,92.07,8182.88,-88.03
2/05/2019,Thu,NSW,99.11,8395.26,-339.93
3/05/2019,Fri,NSW,92,8378.17,-310.05
4/05/2019,Sat,NSW,62.56,6944.35,538.5
5/05/2019,Sun,NSW,64.01,7063.71,-464.44
6/05/2019,Mon,NSW,83.38,7606.94,-248.64
7/05/2019,Tue,NSW,53.73,7535.88,-42.54
8/05/2019,Wed,NSW,60.47,7670.86,-19.79
9/05/2019,Thu,NSW,81.46,7644.83,-395.92
10/05/2019,Fri,NSW,86.94,8357.88,-433.67
11/05/2019,Sat,NSW,54.38,7039.98,-202.67
12/05/2019,Sun,NSW,57.95,6849.38,-255.61
13/05/2019,Mon,NSW,73.11,7900.68,-580.55
14/05/2019,Tue,NSW,73.03,7753.58,-16.41
15/05/2019,Wed,NSW,95.36,7758.22,-534.51
16/05/2019,Thu,NSW,95.46,7848.94,-783.33
17/05/2019,Fri,NSW,84.64,7659.98,-831.75
18/05/2019,Sat,NSW,71.62,6987.47,-457.04
19/05/2019,Sun,NSW,64.67,7134.64,-728.68
20/05/2019,Mon,NSW,73.35,8046.36,-654.36
21/05/2019,Tue,NSW,80.18,7818.17,-113.27
22/05/2019,Wed,NSW,98.52,7998.31,-677.92
23/05/2019,Thu,NSW,71.65,7881.41,-1089.69
24/05/2019,Fri,NSW,72.03,7886.11,-1045.85
25/05/2019,Sat,NSW,58.02,6956.94,-447.02
26/05/2019,Sun,NSW,53.75,6714.39,-751.12
27/05/2019,Mon,NSW,75.1,8522.37,-402.61
28/05/2019,Tue,NSW,69.69,8210.82,-183.6
29/05/2019,Wed,NSW,69.72,8090.9,-599.08
30/05/2019,Thu,NSW,67.68,8169.08,59.61
31/05/2019,Fri,NSW,86.26,8321.66,-265.46
1/06/2019,Sat,NSW,96.94,7740.04,-682.22
2/06/2019,Sun,NSW,99.03,7776.47,-808.59
3/06/2019,Mon,NSW,71.5,8549.77,-450.96
4/06/2019,Tue,NSW,94.77,9585.67,-328.19
5/06/2019,Wed,NSW,105.99,8961.93,-416.46
6/06/2019,Thu,NSW,116.51,8190.93,-703.95
7/06/2019,Fri,NSW,114.03,8586.81,-597.14
8/06/2019,Sat,NSW,124.69,8618.53,-1233.3
9/06/2019,Sun,NSW,69.07,7067.97,-779.13
10/06/2019,Mon,NSW,65.53,7149.47,-1015.11
11/06/2019,Tue,NSW,65.14,7713.21,-1334.35
12/06/2019,Wed,NSW,70.82,7953.36,-566.09
13/06/2019,Thu,NSW,76.56,7934.25,-842.82
14/06/2019,Fri,NSW,69.48,7905.12,-753.54
15/06/2019,Sat,NSW,67.61,7352.9,-525.03
16/06/2019,Sun,NSW,97.08,8380.33,-988.2
17/06/2019,Mon,NSW,70.75,8819.69,-735.22
18/06/2019,Tue,NSW,65.69,8537.43,-359.45
19/06/2019,Wed,NSW,68.14,8087.17,-515.57
20/06/2019,Thu,NSW,76.06,9002.36,-388.04
21/06/2019,Fri,NSW,64.27,8610.76,-814.55
22/06/2019,Sat,NSW,63.33,8680.65,-926.26
23/06/2019,Sun,NSW,68.56,8774.25,-561.75
24/06/2019,Mon,NSW,68.34,9376.39,-116.31
25/06/2019,Tue,NSW,78.71,8848.68,159.09
26/06/2019,Wed,NSW,69.21,8387.91,288.5
27/06/2019,Thu,NSW,53.43,8221.25,-591.68
28/06/2019,Fri,NSW,53.43,7936.42,-835.1
29/06/2019,Sat,NSW,53.43,7399.7,-135.13
30/06/2019,Sun,NSW,32.38,7095.69,-1108.99
1/07/2019,Mon,NSW,64.19,8497.89,-317.87
2/07/2019,Tue,NSW,67.87,8125.03,-267.99
3/07/2019,Wed,NSW,61.05,8514.08,-274.15
4/07/2019,Thu,NSW,72.03,8669.59,-33.19
5/07/2019,Fri,NSW,69.95,8497.67,-144.42
6/07/2019,Sat,NSW,61.43,7396.07,-602.61
7/07/2019,Sun,NSW,66.94,7421.79,-387.96
8/07/2019,Mon,NSW,69.57,8490.8,-256.64
9/07/2019,Tue,NSW,64.15,7983.27,-598.49
10/07/2019,Wed,NSW,74.93,8222.38,-639.05
11/07/2019,Thu,NSW,58.26,8095.83,-107.07
12/07/2019,Fri,NSW,58.34,8130.09,-575.55
13/07/2019,Sat,NSW,37.52,7655.75,-584.64
14/07/2019,Sun,NSW,46.32,7746.06,-424.6
15/07/2019,Mon,NSW,48.37,8154.31,-318.64
16/07/2019,Tue,NSW,58.1,8093.29,-306.95
17/07/2019,Wed,NSW,50.91,7868.34,212.28
18/07/2019,Thu,NSW,47.07,7767.16,-366.84
19/07/2019,Fri,NSW,53.9,7833.83,-85.19
20/07/2019,Sat,NSW,37.3,6980.41,-1302.54
21/07/2019,Sun,NSW,33.06,6703.43,-1368.42
22/07/2019,Mon,NSW,57.72,7812.93,-929.6
23/07/2019,Tue,NSW,52.7,7504.86,120.17
24/07/2019,Wed,NSW,49.72,7655.18,-376.06
25/07/2019,Thu,NSW,58.46,7897.61,-536.87
26/07/2019,Fri,NSW,71.59,8344.17,-567.68
27/07/2019,Sat,NSW,58.8,7400.93,-479.92
28/07/2019,Sun,NSW,56.7,7031.95,-365.66
29/07/2019,Mon,NSW,63.83,8447.36,-256.31
30/07/2019,Tue,NSW,58.02,8506.68,-350.45
31/07/2019,Wed,NSW,58.24,8249.21,-93.12
1/08/2019,Thu,NSW,57.62,7728.39,-128.07
2/08/2019,Fri,NSW,58.49,7842.29,-269.08
3/08/2019,Sat,NSW,50.48,6950.6,-299.66
4/08/2019,Sun,NSW,40.46,7210.02,-781.35
5/08/2019,Mon,NSW,57.95,7717.65,-528.71
6/08/2019,Tue,NSW,57.82,7589.8,-247.53
7/08/2019,Wed,NSW,62.59,7561.11,161.28
8/08/2019,Thu,NSW,58.84,7839.66,-205.09
9/08/2019,Fri,NSW,58.55,7924.71,-531.6
10/08/2019,Sat,NSW,58.01,7923.55,-648.47
15/07/2018,Sun,QLD,47.83,5144.47,486.48
16/07/2018,Mon,QLD,78.71,5906.82,792.61
17/07/2018,Tue,QLD,59.35,5660.44,407.75
18/07/2018,Wed,QLD,52.87,5715.31,249.64
19/07/2018,Thu,QLD,59.79,5803.83,511.84
20/07/2018,Fri,QLD,61.07,6250.93,150.99
21/07/2018,Sat,QLD,48.72,5158.42,1072.64
22/07/2018,Sun,QLD,47.38,5293.63,997.6
23/07/2018,Mon,QLD,53.8,5991.5,725.51
24/07/2018,Tue,QLD,58.76,5882.54,263.97
25/07/2018,Wed,QLD,57.29,6118.92,270.76
26/07/2018,Thu,QLD,59.73,5831.5,328.13
27/07/2018,Fri,QLD,57.13,5740.06,456.57
28/07/2018,Sat,QLD,50.41,5296.09,467.21
29/07/2018,Sun,QLD,54.45,5281.55,591.81
30/07/2018,Mon,QLD,52.55,5685.98,286.96
31/07/2018,Tue,QLD,49.17,5682.21,413.58
1/08/2018,Wed,QLD,55.38,5719.84,656.03
2/08/2018,Thu,QLD,53.81,5618.53,316.3
3/08/2018,Fri,QLD,62.94,5761.39,163.87
4/08/2018,Sat,QLD,59.55,5286.64,342.55
5/08/2018,Sun,QLD,52.52,5212.27,404.26
6/08/2018,Mon,QLD,72.72,6070.6,242.52
7/08/2018,Tue,QLD,61.83,5984.45,-79.54
8/08/2018,Wed,QLD,59.56,5600.36,377.51
9/08/2018,Thu,QLD,58.81,5509.88,598.04
10/08/2018,Fri,QLD,60.24,5683.64,249.73
11/08/2018,Sat,QLD,56,5260.03,642.13
12/08/2018,Sun,QLD,51.59,4995.79,662.76
13/08/2018,Mon,QLD,54.32,5521.06,920.85
14/08/2018,Tue,QLD,58.51,5560.83,463.82
15/08/2018,Wed,QLD,57.62,5461.41,492.7
16/08/2018,Thu,QLD,91.61,5814.28,663.9
17/08/2018,Fri,QLD,59.37,5662.17,269.36
18/08/2018,Sat,QLD,57.33,5170.35,539.05
19/08/2018,Sun,QLD,52.46,4986.6,951.58
20/08/2018,Mon,QLD,62.31,5555.1,766.97
21/08/2018,Tue,QLD,61.8,5555.06,765.25
22/08/2018,Wed,QLD,66.79,5561.5,655.01
23/08/2018,Thu,QLD,74.71,5701.6,468.63
24/08/2018,Fri,QLD,74.66,5761.66,277.74
25/08/2018,Sat,QLD,120.78,5290.4,93.57
26/08/2018,Sun,QLD,46.26,5600.27,445.08
27/08/2018,Mon,QLD,74.24,5687.53,1003.94
28/08/2018,Tue,QLD,75.93,5692.18,803.52
29/08/2018,Wed,QLD,59.48,5573.7,399.26
30/08/2018,Thu,QLD,79.2,5659.67,949.7
31/08/2018,Fri,QLD,79.28,5479.26,1114.99
1/09/2018,Sat,QLD,70.68,5109,648.04
2/09/2018,Sun,QLD,62.73,5033.25,830.92
3/09/2018,Mon,QLD,120.11,6140.66,644.49
4/09/2018,Tue,QLD,88.4,6032.34,491.96
5/09/2018,Wed,QLD,93.68,6015.79,451.02
6/09/2018,Thu,QLD,122.12,6005.76,843.99
7/09/2018,Fri,QLD,83.51,5804.03,1039.54
8/09/2018,Sat,QLD,84.21,5844.97,673.28
9/09/2018,Sun,QLD,51.52,5050.89,611.96
10/09/2018,Mon,QLD,62.8,5644.24,901.25
11/09/2018,Tue,QLD,67.52,5783.41,723.15
12/09/2018,Wed,QLD,56,5650.28,643.81
13/09/2018,Thu,QLD,62.12,5768.72,544.65
14/09/2018,Fri,QLD,49.69,5747.12,599.8
15/09/2018,Sat,QLD,47.84,5308.77,787.87
16/09/2018,Sun,QLD,45.02,5260.58,620.86
17/09/2018,Mon,QLD,55.67,5739.86,411.73
18/09/2018,Tue,QLD,60.37,5675.19,699.68
19/09/2018,Wed,QLD,64.53,5729.8,395.88
20/09/2018,Thu,QLD,75.88,6036.14,607.5
21/09/2018,Fri,QLD,53.9,5624.32,916.51
22/09/2018,Sat,QLD,57.86,5220.5,535.18
23/09/2018,Sun,QLD,52.8,5084.48,485.4
24/09/2018,Mon,QLD,65.5,6079.96,521.96
25/09/2018,Tue,QLD,79.64,6254.65,504.27
26/09/2018,Wed,QLD,102.92,6073.12,773.57
27/09/2018,Thu,QLD,68.9,5965.46,277.42
28/09/2018,Fri,QLD,53.57,5885.28,342.39
29/09/2018,Sat,QLD,59.44,5576.8,96.69
30/09/2018,Sun,QLD,57.45,5495.74,792.45
1/10/2018,Mon,QLD,53.34,5029.19,673.2
2/10/2018,Tue,QLD,65.33,5638.48,578.67
3/10/2018,Wed,QLD,83.62,5804.29,728.16
4/10/2018,Thu,QLD,79.69,5862.25,810.66
5/10/2018,Fri,QLD,90.24,6245,324.91
6/10/2018,Sat,QLD,-174.83,5699.21,710.12
7/10/2018,Sun,QLD,54.4,5321.78,728.37
8/10/2018,Mon,QLD,81.89,6255.3,589.14
9/10/2018,Tue,QLD,77.74,6331.56,437.95
10/10/2018,Wed,QLD,69.14,6433.46,303.55
11/10/2018,Thu,QLD,71.13,6399.69,-36.47
12/10/2018,Fri,QLD,80.23,6430.27,193.74
13/10/2018,Sat,QLD,63.69,5923.01,166.67
14/10/2018,Sun,QLD,48.02,5850.13,448.97
15/10/2018,Mon,QLD,68.52,6347.44,628.22
16/10/2018,Tue,QLD,74.35,6247.76,831.25
17/10/2018,Wed,QLD,100.28,6231.48,505.1
18/10/2018,Thu,QLD,65.93,6293.76,469.13
19/10/2018,Fri,QLD,95.17,6125.26,942.2
20/10/2018,Sat,QLD,57.56,5472.61,509.49
21/10/2018,Sun,QLD,77.49,6065.38,321.24
22/10/2018,Mon,QLD,62.74,6332.58,-163.02
23/10/2018,Tue,QLD,63.77,6320.63,-201.36
24/10/2018,Wed,QLD,74.19,6869.86,269.9
25/10/2018,Thu,QLD,97.12,6574.75,506.59
26/10/2018,Fri,QLD,89.15,7230.15,343.9
27/10/2018,Sat,QLD,57.2,5851.71,446.88
28/10/2018,Sun,QLD,63.89,6066.65,406.14
29/10/2018,Mon,QLD,106.97,6859.08,64.82
30/10/2018,Tue,QLD,84.09,6223.35,429.27
31/10/2018,Wed,QLD,149.11,6427.96,619.31
1/11/2018,Thu,QLD,111.02,6441.77,619.39
2/11/2018,Fri,QLD,95.06,6348.98,976.58
3/11/2018,Sat,QLD,82.97,6001.43,-124.53
4/11/2018,Sun,QLD,77.36,6633.81,-307.5
5/11/2018,Mon,QLD,150.03,7804.3,-344.96
6/11/2018,Tue,QLD,234.2,7899.94,-165.98
7/11/2018,Wed,QLD,103.66,7738.08,-351.2
8/11/2018,Thu,QLD,59.16,6168.29,65.29
9/11/2018,Fri,QLD,80.11,6102.76,250.79
10/11/2018,Sat,QLD,56.64,5595.63,351.11
11/11/2018,Sun,QLD,52.36,5398.37,500.25
12/11/2018,Mon,QLD,103.26,6308.61,625.23
13/11/2018,Tue,QLD,78.11,6376.27,274.68
14/11/2018,Wed,QLD,101,6598.95,1.53
15/11/2018,Thu,QLD,78.41,6936.79,48.29
16/11/2018,Fri,QLD,84.91,6903.06,104.39
17/11/2018,Sat,QLD,80.03,6478.97,90.11
18/11/2018,Sun,QLD,67.83,5860.38,577.03
19/11/2018,Mon,QLD,123.64,6471.77,322.42
20/11/2018,Tue,QLD,96.97,6484.47,504.98
21/11/2018,Wed,QLD,101.27,7386.51,-228.38
22/11/2018,Thu,QLD,63.14,6905.05,-419.13
23/11/2018,Fri,QLD,60.64,6401.81,-29.1
24/11/2018,Sat,QLD,50.77,5827.67,380.2
25/11/2018,Sun,QLD,65.17,6718.48,-321.41
26/11/2018,Mon,QLD,98.95,7583.38,-277.7
27/11/2018,Tue,QLD,78.51,7199.99,301.86
28/11/2018,Wed,QLD,85.1,8357.17,-286.2
29/11/2018,Thu,QLD,95.76,7705.19,-87.61
30/11/2018,Fri,QLD,82.81,7451.62,-311.59
1/12/2018,Sat,QLD,143.32,7540.61,-148.54
2/12/2018,Sun,QLD,148.15,8297.17,-329.09
3/12/2018,Mon,QLD,90.11,8083.37,37.44
4/12/2018,Tue,QLD,118.47,7947.5,404.62
5/12/2018,Wed,QLD,132.78,7021.2,182.47
6/12/2018,Thu,QLD,60.7,6450.37,517.54
7/12/2018,Fri,QLD,55.15,6544.93,730.83
8/12/2018,Sat,QLD,82.34,6073.73,627.05
9/12/2018,Sun,QLD,71.06,5915.89,746.23
10/12/2018,Mon,QLD,91.55,7065.28,526.87
11/12/2018,Tue,QLD,127.15,7158.87,302.04
12/12/2018,Wed,QLD,90.9,7122.83,452.03
13/12/2018,Thu,QLD,111.49,7338.01,92.7
14/12/2018,Fri,QLD,113.26,7611.6,-189.22
15/12/2018,Sat,QLD,85.59,7107.9,303.54
16/12/2018,Sun,QLD,87.82,6683.09,935.66
17/12/2018,Mon,QLD,100.53,7409.11,933.99
18/12/2018,Tue,QLD,93.74,7562.83,766.66
19/12/2018,Wed,QLD,242.15,7738.3,1097.51
20/12/2018,Thu,QLD,243.81,8252.05,775.6
21/12/2018,Fri,QLD,85.29,8811.55,-195.28
22/12/2018,Sat,QLD,86.46,7920.89,-211.52
23/12/2018,Sun,QLD,48.54,5902.26,477.4
24/12/2018,Mon,QLD,53.29,5935.22,882.69
25/12/2018,Tue,QLD,38.87,5156.36,1056.12
26/12/2018,Wed,QLD,57.8,5436.15,1074.61
27/12/2018,Thu,QLD,69,6217.21,1157.28
28/12/2018,Fri,QLD,82.17,6421.95,1226.73
29/12/2018,Sat,QLD,77.22,6194.67,892.34
30/12/2018,Sun,QLD,90.95,6352.33,1020.74
31/12/2018,Mon,QLD,77.96,6657.74,907.96
1/01/2019,Tue,QLD,80.21,6414.12,918.87
2/01/2019,Wed,QLD,96.37,7071.72,819.44
3/01/2019,Thu,QLD,109.1,7140.38,693.6
4/01/2019,Fri,QLD,117.73,7102.14,1235.61
5/01/2019,Sat,QLD,88.15,6736.1,710.36
6/01/2019,Sun,QLD,63.25,6825.61,-3.64
7/01/2019,Mon,QLD,76.84,7558.48,206.24
8/01/2019,Tue,QLD,102.48,7101.96,448.37
9/01/2019,Wed,QLD,105.51,7453.49,361.71
10/01/2019,Thu,QLD,106.7,7282.27,-4.33
11/01/2019,Fri,QLD,107.35,7094.74,1033.17
12/01/2019,Sat,QLD,102.87,6472.03,704.13
13/01/2019,Sun,QLD,62.33,6542.49,236.67
14/01/2019,Mon,QLD,115.45,7448.44,1144.41
15/01/2019,Tue,QLD,104.68,7658.78,1128.8
16/01/2019,Wed,QLD,179.26,7826.37,1328.33
17/01/2019,Thu,QLD,136.82,7619.37,1365.78
18/01/2019,Fri,QLD,83.58,7669.11,648.22
19/01/2019,Sat,QLD,73.41,7212.86,319.1
20/01/2019,Sun,QLD,73.64,7112.24,286.31
21/01/2019,Mon,QLD,111.51,8081.12,912.53
22/01/2019,Tue,QLD,159.52,8020.49,1324.58
23/01/2019,Wed,QLD,137.83,8296.64,731.23
24/01/2019,Thu,QLD,172.74,8387.04,930.19
25/01/2019,Fri,QLD,182.48,8292.57,1290.51
26/01/2019,Sat,QLD,87.07,7060.5,1337.79
27/01/2019,Sun,QLD,83.52,6984.51,1030.87
28/01/2019,Mon,QLD,132.55,7211.85,1166.12
29/01/2019,Tue,QLD,153.8,7771.98,1263.35
30/01/2019,Wed,QLD,148.34,7973.62,1210.47
31/01/2019,Thu,QLD,130.74,7992.27,1051.19
1/02/2019,Fri,QLD,90.71,7806.96,70.74
2/02/2019,Sat,QLD,78.58,6766.58,347.14
3/02/2019,Sun,QLD,81.54,6451.05,1135.87
4/02/2019,Mon,QLD,100.67,7020.14,1207.16
5/02/2019,Tue,QLD,90.7,7367.36,805.2
6/02/2019,Wed,QLD,83.26,7072.41,1118.72
7/02/2019,Thu,QLD,99.24,7348.45,1077.09
8/02/2019,Fri,QLD,105.07,7385.81,751.99
9/02/2019,Sat,QLD,87.95,7249.88,-176.68
10/02/2019,Sun,QLD,81.96,7401.84,-369.64
11/02/2019,Mon,QLD,105.03,7967.16,50.7
12/02/2019,Tue,QLD,102.74,8738.53,-111.06
13/02/2019,Wed,QLD,105.43,9154.39,-448.29
14/02/2019,Thu,QLD,100.84,8192.95,-46
15/02/2019,Fri,QLD,104.89,7417.7,417.83
16/02/2019,Sat,QLD,83.22,6557.21,679.38
17/02/2019,Sun,QLD,97.95,6410.76,791.94
18/02/2019,Mon,QLD,104.2,7382.69,694.35
19/02/2019,Tue,QLD,107.72,7883.45,574.78
20/02/2019,Wed,QLD,103.92,8230.01,-48.7
21/02/2019,Thu,QLD,93.78,8116.73,199.86
22/02/2019,Fri,QLD,75.99,7227.67,2.88
23/02/2019,Sat,QLD,44.51,6441.95,183.66
24/02/2019,Sun,QLD,35.84,6059.25,591.89
25/02/2019,Mon,QLD,75.29,6842.56,745.1
26/02/2019,Tue,QLD,78.48,6652.1,621.59
27/02/2019,Wed,QLD,73.76,6705.26,638.87
28/02/2019,Thu,QLD,90.03,6704.76,1191.96
1/03/2019,Fri,QLD,74.1,6706,1145.44
2/03/2019,Sat,QLD,82.83,5974.97,1026.73
3/03/2019,Sun,QLD,76.64,5970.56,1199.67
4/03/2019,Mon,QLD,83.21,6689.93,1260.84
5/03/2019,Tue,QLD,95.32,7100.47,1139.63
6/03/2019,Wed,QLD,88.55,7676.47,418.02
7/03/2019,Thu,QLD,100.93,7758.98,184.37
8/03/2019,Fri,QLD,104.55,7260.12,659.35
9/03/2019,Sat,QLD,61.03,6783.15,532.67
10/03/2019,Sun,QLD,72.87,7109.2,13.13
11/03/2019,Mon,QLD,82.49,8778.76,-89.8
12/03/2019,Tue,QLD,81.55,8753.1,-64.16
13/03/2019,Wed,QLD,98.7,8335.73,-190.89
14/03/2019,Thu,QLD,116.27,8130.46,189.92
15/03/2019,Fri,QLD,111.79,8502.94,126.4
16/03/2019,Sat,QLD,64.99,6344.21,801.85
17/03/2019,Sun,QLD,68.36,6510.83,407.46
18/03/2019,Mon,QLD,79.31,7386,129.68
19/03/2019,Tue,QLD,97.45,7414.01,153.84
20/03/2019,Wed,QLD,125.01,7985.02,132.11
21/03/2019,Thu,QLD,122.7,7808.35,405.8
22/03/2019,Fri,QLD,124.19,7723.1,724.93
23/03/2019,Sat,QLD,138.73,7525.21,593.27
24/03/2019,Sun,QLD,114.63,7980.46,420.89
25/03/2019,Mon,QLD,98.46,8485.52,-25.58
26/03/2019,Tue,QLD,87.93,8179.04,332.53
27/03/2019,Wed,QLD,86.41,7338.83,575.06
28/03/2019,Thu,QLD,82.21,6885.1,951.51
29/03/2019,Fri,QLD,79.99,6958.48,916.61
30/03/2019,Sat,QLD,71.86,6910.39,-415.84
31/03/2019,Sun,QLD,56.28,5397.53,918.83
1/04/2019,Mon,QLD,84.75,6360.32,1067.43
2/04/2019,Tue,QLD,88.13,6504.84,788.42
3/04/2019,Wed,QLD,84.03,6590.67,902.57
4/04/2019,Thu,QLD,72.17,6414.96,1058.83
5/04/2019,Fri,QLD,64.08,5899.53,1277.71
6/04/2019,Sat,QLD,71.49,5658.86,777.94
7/04/2019,Sun,QLD,60.93,5709.18,305.53
8/04/2019,Mon,QLD,115.12,6574.25,428.51
9/04/2019,Tue,QLD,80.85,6782.21,809.32
10/04/2019,Wed,QLD,76.46,6607.49,666.64
11/04/2019,Thu,QLD,87.14,6329.89,848.9
12/04/2019,Fri,QLD,93.05,6473.53,1007.45
13/04/2019,Sat,QLD,58.75,5596.07,1204.25
14/04/2019,Sun,QLD,58.31,5530.01,1197.46
15/04/2019,Mon,QLD,86.88,6366.67,926.25
16/04/2019,Tue,QLD,93.74,6364.2,901.52
17/04/2019,Wed,QLD,114.16,6305.46,1037.11
18/04/2019,Thu,QLD,81.66,6372.6,1135.27
19/04/2019,Fri,QLD,65.25,5656.08,749.4
20/04/2019,Sat,QLD,72.64,5904.3,805.27
21/04/2019,Sun,QLD,42.43,5465.69,939.21
22/04/2019,Mon,QLD,72.57,5907.96,849.04
23/04/2019,Tue,QLD,77.63,6653,449.83
24/04/2019,Wed,QLD,67.78,6484.69,385.43
25/04/2019,Thu,QLD,39.05,5687.41,530.25
26/04/2019,Fri,QLD,56.82,6425.02,-142.15
27/04/2019,Sat,QLD,51.33,5790.71,500.42
28/04/2019,Sun,QLD,49.33,5619.86,732.75
29/04/2019,Mon,QLD,59.82,6449.16,444.98
30/04/2019,Tue,QLD,87.74,6620.9,144.62
1/05/2019,Wed,QLD,87.48,6416.06,299.47
2/05/2019,Thu,QLD,95.77,6484.97,413.36
3/05/2019,Fri,QLD,86.61,6660.82,435.15
4/05/2019,Sat,QLD,65.31,6253.6,-159.36
5/05/2019,Sun,QLD,56.17,5247.52,790.03
6/05/2019,Mon,QLD,42.87,5121.79,1053.11
7/05/2019,Tue,QLD,50.51,5832.64,448.22
8/05/2019,Wed,QLD,57.72,6038.02,389.54
9/05/2019,Thu,QLD,72.82,6029.96,659.18
10/05/2019,Fri,QLD,86.22,6521.66,174.86
11/05/2019,Sat,QLD,47.06,5256.85,876.83
12/05/2019,Sun,QLD,52.12,5338.65,671.59
13/05/2019,Mon,QLD,73.45,6386.42,66.51
14/05/2019,Tue,QLD,72.58,6454.88,113.17
15/05/2019,Wed,QLD,93.82,6416,207.87
16/05/2019,Thu,QLD,86.22,6251.49,732.79
17/05/2019,Fri,QLD,74.55,6254.55,809.13
18/05/2019,Sat,QLD,62.29,5772.83,883.25
19/05/2019,Sun,QLD,55.85,5648.37,919.46
20/05/2019,Mon,QLD,64.75,6446.44,839.02
21/05/2019,Tue,QLD,70.56,6177.42,794
22/05/2019,Wed,QLD,84.78,6173.95,892.69
23/05/2019,Thu,QLD,62.83,6138.64,840.22
24/05/2019,Fri,QLD,62.08,6078.53,963.46
25/05/2019,Sat,QLD,56.21,5674.15,226.19
26/05/2019,Sun,QLD,52.6,5700.83,184.25
27/05/2019,Mon,QLD,70.65,6174.95,450.16
28/05/2019,Tue,QLD,64.63,5857,507.83
29/05/2019,Wed,QLD,62.46,5879.69,651.26
30/05/2019,Thu,QLD,63.35,5942.7,446.97
31/05/2019,Fri,QLD,80.91,6026.22,478.59
1/06/2019,Sat,QLD,89.35,5827.77,552.7
2/06/2019,Sun,QLD,93.43,5821.47,439.34
3/06/2019,Mon,QLD,65.63,5996.94,596.28
4/06/2019,Tue,QLD,205.9,6007.15,573.51
5/06/2019,Wed,QLD,114.99,6089.55,460
6/06/2019,Thu,QLD,112.31,6109.2,655.21
7/06/2019,Fri,QLD,112.2,6453.79,458.36
8/06/2019,Sat,QLD,127.59,6549.03,233.33
9/06/2019,Sun,QLD,65.12,5542.91,394.46
10/06/2019,Mon,QLD,65.14,6007.01,110.44
11/06/2019,Tue,QLD,61.26,5962.78,451.26
12/06/2019,Wed,QLD,67.77,6102.42,317.54
13/06/2019,Thu,QLD,70.31,6038.65,558.83
14/06/2019,Fri,QLD,63.78,5970.78,550.42
15/06/2019,Sat,QLD,61.01,5649.86,709.84
16/06/2019,Sun,QLD,84.06,5862.41,942.32
17/06/2019,Mon,QLD,62.59,5835.49,879.32
18/06/2019,Tue,QLD,60.04,5836.92,548
19/06/2019,Wed,QLD,61.34,5886.69,646.27
20/06/2019,Thu,QLD,71.53,6338.82,475.31
21/06/2019,Fri,QLD,55.43,5674.46,955.38
22/06/2019,Sat,QLD,50.92,5256.28,1098.2
23/06/2019,Sun,QLD,60.09,5560.87,810.12
24/06/2019,Mon,QLD,63.94,5829.61,500.31
25/06/2019,Tue,QLD,73.58,6377.51,487.67
26/06/2019,Wed,QLD,69.95,6681.18,73.17
27/06/2019,Thu,QLD,52.91,5954.98,169.52
28/06/2019,Fri,QLD,52.62,5923.29,206.95
29/06/2019,Sat,QLD,51.38,5469.55,307.77
30/06/2019,Sun,QLD,29.27,5206.26,660.52
1/07/2019,Mon,QLD,62.05,5924.42,221.75
2/07/2019,Tue,QLD,62.08,5890.25,539.99
3/07/2019,Wed,QLD,57.68,5873.14,384.76
4/07/2019,Thu,QLD,68.73,5995.35,303.44
5/07/2019,Fri,QLD,66.45,6190.44,356.45
6/07/2019,Sat,QLD,56.83,5705.15,372.08
7/07/2019,Sun,QLD,60.56,5602.22,593.71
8/07/2019,Mon,QLD,63.67,6219.02,546.48
9/07/2019,Tue,QLD,56.57,5689.98,702.3
10/07/2019,Wed,QLD,65.96,5738.7,742.33
11/07/2019,Thu,QLD,55.01,5709.6,399.54
12/07/2019,Fri,QLD,50.39,5620.86,842.71
13/07/2019,Sat,QLD,21.04,5109.11,854.28
14/07/2019,Sun,QLD,41.54,5041.88,606.04
15/07/2019,Mon,QLD,45.45,5584.19,357.98
16/07/2019,Tue,QLD,55.37,5618.07,321.04
17/07/2019,Wed,QLD,50.54,5571.96,122.34
18/07/2019,Thu,QLD,46.42,5528.92,127.3
19/07/2019,Fri,QLD,50.97,5495.43,354.62
20/07/2019,Sat,QLD,35.17,5013.28,337.87
21/07/2019,Sun,QLD,30.15,4974.35,520.97
22/07/2019,Mon,QLD,54.7,5697.21,364.59
23/07/2019,Tue,QLD,51.17,5682.99,136.41
24/07/2019,Wed,QLD,45.06,5583.26,591.89
25/07/2019,Thu,QLD,53.7,5715.51,845.44
26/07/2019,Fri,QLD,35.53,5887.17,672.03
27/07/2019,Sat,QLD,50.2,5060.17,880.2
28/07/2019,Sun,QLD,52.48,5180.74,437.83
29/07/2019,Mon,QLD,59.46,5783.3,405.83
30/07/2019,Tue,QLD,52.8,5620.48,543.31
31/07/2019,Wed,QLD,55.69,5706.31,292.84
1/08/2019,Thu,QLD,54.51,5837.41,374.46
2/08/2019,Fri,QLD,54.63,5692.23,458.1
3/08/2019,Sat,QLD,45.51,5100.1,615.79
4/08/2019,Sun,QLD,26.03,4831.73,1072.49
5/08/2019,Mon,QLD,50.37,5509.21,828.88
6/08/2019,Tue,QLD,51.19,5585.23,766.4
7/08/2019,Wed,QLD,57.98,6357.57,523.61
8/08/2019,Thu,QLD,53.11,5647.89,632.28
9/08/2019,Fri,QLD,49.71,5402.54,803.9
10/08/2019,Sat,QLD,27.31,4986.65,875.65
15/07/2018,Sun,SA,46.81,1219.13,60.91
16/07/2018,Mon,SA,121.93,1105.37,-23.21
17/07/2018,Tue,SA,59.98,1174.31,171.42
18/07/2018,Wed,SA,50.2,1007.23,369.01
19/07/2018,Thu,SA,74.09,1632.59,-135.05
20/07/2018,Fri,SA,62.61,1243.01,252.53
21/07/2018,Sat,SA,68.58,1178.47,22.68
22/07/2018,Sun,SA,4.42,968.71,275.65
23/07/2018,Mon,SA,72.46,1464.01,30.38
24/07/2018,Tue,SA,-129.1,1145.96,148.42
25/07/2018,Wed,SA,111.48,1408.64,-240.57
26/07/2018,Thu,SA,79.47,1182.62,-145.81
27/07/2018,Fri,SA,77.82,1220.99,-189.03
28/07/2018,Sat,SA,-133.21,995.93,142.3
29/07/2018,Sun,SA,-31.11,1120.19,128.21
30/07/2018,Mon,SA,52.03,1111.82,317.68
31/07/2018,Tue,SA,27.01,1202.54,223.05
1/08/2018,Wed,SA,68.26,1244.6,-142.11
2/08/2018,Thu,SA,34.77,1221.72,73.35
3/08/2018,Fri,SA,67.71,1335.14,70.45
4/08/2018,Sat,SA,39.9,931.74,346.21
5/08/2018,Sun,SA,12.87,1234.12,124.72
6/08/2018,Mon,SA,23.1,1238.19,322.35
7/08/2018,Tue,SA,42.94,1333.4,310.34
8/08/2018,Wed,SA,-3.93,1142.58,281.85
9/08/2018,Thu,SA,-146.97,905.08,280.79
10/08/2018,Fri,SA,50.85,1363.42,40.3
11/08/2018,Sat,SA,22.34,988.08,318.56
12/08/2018,Sun,SA,12.36,1027.79,341.78
13/08/2018,Mon,SA,70.35,1339.68,-252.37
14/08/2018,Tue,SA,-9.21,863.62,457.16
15/08/2018,Wed,SA,53.94,1137.16,218.07
16/08/2018,Thu,SA,99.71,1257.87,189.84
17/08/2018,Fri,SA,0.21,874.47,470.97
18/08/2018,Sat,SA,9.04,839.3,300.4
19/08/2018,Sun,SA,41.24,1198.1,-352.95
20/08/2018,Mon,SA,78.7,1331.07,-164.72
21/08/2018,Tue,SA,74.1,1171.71,137.78
22/08/2018,Wed,SA,73.37,938.23,298.6
23/08/2018,Thu,SA,78.5,1161.76,193.22
24/08/2018,Fri,SA,-14.84,941.42,642.1
25/08/2018,Sat,SA,96.18,823.63,415.91
26/08/2018,Sun,SA,41.31,755.74,187.49
27/08/2018,Mon,SA,85.62,1058.49,200.48
28/08/2018,Tue,SA,89.95,954.73,141.45
29/08/2018,Wed,SA,57.23,921.41,343.87
30/08/2018,Thu,SA,88.22,1344.08,142.14
31/08/2018,Fri,SA,71.32,961.19,644.73
1/09/2018,Sat,SA,81.32,899.62,169.52
2/09/2018,Sun,SA,111.63,992.75,143.59
3/09/2018,Mon,SA,115.55,1226.8,331.05
4/09/2018,Tue,SA,84.88,975.59,307.13
5/09/2018,Wed,SA,96.26,1105.44,79.02
6/09/2018,Thu,SA,-120.51,935.5,619.97
7/09/2018,Fri,SA,105.87,1010.83,71.99
8/09/2018,Sat,SA,34.69,648.88,645.98
9/09/2018,Sun,SA,46.98,739.03,621.35
10/09/2018,Mon,SA,75.17,929.75,91.47
11/09/2018,Tue,SA,63.02,1236.7,-60.21
12/09/2018,Wed,SA,54.09,981.59,316.27
13/09/2018,Thu,SA,52.69,823.83,316.67
14/09/2018,Fri,SA,33.3,732.02,599.83
15/09/2018,Sat,SA,29.43,682.39,583.95
16/09/2018,Sun,SA,49.42,815.25,-63.34
17/09/2018,Mon,SA,-16.22,737.74,589.93
18/09/2018,Tue,SA,76.42,1144,-24.84
19/09/2018,Wed,SA,62.81,1083.08,318.15
20/09/2018,Thu,SA,95.78,1158.52,-207.9
21/09/2018,Fri,SA,64.38,907.36,-114.45
22/09/2018,Sat,SA,51.62,682.04,225.39
23/09/2018,Sun,SA,58.84,704.41,-77.13
24/09/2018,Mon,SA,73.7,806.81,119.62
25/09/2018,Tue,SA,91.18,850.59,67.79
26/09/2018,Wed,SA,126.54,938.91,-41.43
27/09/2018,Thu,SA,72.03,905.04,160.28
28/09/2018,Fri,SA,28.22,873.11,535.8
29/09/2018,Sat,SA,63.43,700.38,-145.6
30/09/2018,Sun,SA,56.15,613.72,363.68
1/10/2018,Mon,SA,106.76,1014.93,-346.84
2/10/2018,Tue,SA,66.98,1074.37,421.55
3/10/2018,Wed,SA,99.83,1055.59,245.2
4/10/2018,Thu,SA,75.96,862.01,459.29
5/10/2018,Fri,SA,92.9,797.93,-17.54
6/10/2018,Sat,SA,195.32,1054.63,-350.59
7/10/2018,Sun,SA,65.33,806.57,-39.29
8/10/2018,Mon,SA,89.05,1186.45,304.57
9/10/2018,Tue,SA,87.33,1197.41,100.42
10/10/2018,Wed,SA,78.74,824.04,491.49
11/10/2018,Thu,SA,65.44,802.19,164.77
12/10/2018,Fri,SA,111.3,1088,-163.02
13/10/2018,Sat,SA,71.78,807.45,-192.13
14/10/2018,Sun,SA,47.18,1033.13,329.12
15/10/2018,Mon,SA,70.02,1095.08,426.78
16/10/2018,Tue,SA,75.43,1150.1,504.75
17/10/2018,Wed,SA,162,1275.57,153.29
18/10/2018,Thu,SA,115.78,871.76,221.01
19/10/2018,Fri,SA,87.52,1248.36,486.02
20/10/2018,Sat,SA,37.33,649.56,462.08
21/10/2018,Sun,SA,76.02,653.4,89.6
22/10/2018,Mon,SA,52.04,892.15,402.17
23/10/2018,Tue,SA,51.69,768.66,375.93
24/10/2018,Wed,SA,86.3,871.06,-45.84
25/10/2018,Thu,SA,89.19,854.58,548.95
26/10/2018,Fri,SA,100.04,879.85,-47.12
27/10/2018,Sat,SA,71.32,819.32,-326.8
28/10/2018,Sun,SA,74.26,737.13,-143.15
29/10/2018,Mon,SA,116.15,901.53,3.13
30/10/2018,Tue,SA,103.79,1051.56,-16.23
31/10/2018,Wed,SA,166.61,1472.84,-59.67
1/11/2018,Thu,SA,72.61,1605.6,554.98
2/11/2018,Fri,SA,79.26,918.63,592.26
3/11/2018,Sat,SA,71.81,764.75,-231.74
4/11/2018,Sun,SA,75.77,1132.13,-297.31
5/11/2018,Mon,SA,81.98,1174.2,-44.47
6/11/2018,Tue,SA,49.15,787.93,507.33
7/11/2018,Wed,SA,54,847.04,495.46
8/11/2018,Thu,SA,67.01,881.36,-57.51
9/11/2018,Fri,SA,75.84,845.23,335.5
10/11/2018,Sat,SA,70.2,802.94,-334.37
11/11/2018,Sun,SA,68.43,891.39,-486.05
12/11/2018,Mon,SA,158.03,1543.04,-138.04
13/11/2018,Tue,SA,80.13,1161.02,265.79
14/11/2018,Wed,SA,79.81,937.22,513.58
15/11/2018,Thu,SA,78.85,875.86,-67.87
16/11/2018,Fri,SA,71.9,838.35,363.8
17/11/2018,Sat,SA,71.46,647.5,295.24
18/11/2018,Sun,SA,81.59,935.24,-62.64
19/11/2018,Mon,SA,166.76,1622.64,-332.52
20/11/2018,Tue,SA,114.83,1072.39,162.45
21/11/2018,Wed,SA,66.52,1134.11,267.85
22/11/2018,Thu,SA,49.05,754.19,542.17
23/11/2018,Fri,SA,62.91,846.79,136.44
24/11/2018,Sat,SA,115.07,1092.33,-137.4
25/11/2018,Sun,SA,71.68,628.98,126.61
26/11/2018,Mon,SA,90.99,1054.7,347.62
27/11/2018,Tue,SA,76.18,1157.82,237.41
28/11/2018,Wed,SA,52.55,888.48,511.69
29/11/2018,Thu,SA,88.05,884.73,191.82
30/11/2018,Fri,SA,59.87,845.94,396.57
1/12/2018,Sat,SA,20.27,1178.87,250.44
2/12/2018,Sun,SA,-19.7,685.49,669.74
3/12/2018,Mon,SA,88.99,808.75,120.16
4/12/2018,Tue,SA,129.62,941.69,-153.36
5/12/2018,Wed,SA,144.37,1457.48,-158.46
6/12/2018,Thu,SA,302.27,1996.76,21.47
7/12/2018,Fri,SA,60.44,2220.61,352.02
8/12/2018,Sat,SA,126.17,1185.34,407.85
9/12/2018,Sun,SA,77.41,994.52,162.87
10/12/2018,Mon,SA,87.62,1202.5,376.93
11/12/2018,Tue,SA,134.21,1635.55,78.46
12/12/2018,Wed,SA,298.23,1897.32,78.07
13/12/2018,Thu,SA,81.8,901.89,593.44
14/12/2018,Fri,SA,97.85,1046.83,554.86
15/12/2018,Sat,SA,72.89,840.36,172.79
16/12/2018,Sun,SA,97.28,942.53,288.57
17/12/2018,Mon,SA,103.1,1056.67,184.54
18/12/2018,Tue,SA,92.44,1463.5,143.11
19/12/2018,Wed,SA,270.88,1593.4,189.62
20/12/2018,Thu,SA,-22.05,934.7,686.64
21/12/2018,Fri,SA,54.72,809.4,508.45
22/12/2018,Sat,SA,63.31,659.79,-137.12
23/12/2018,Sun,SA,64.54,863.68,-486.57
24/12/2018,Mon,SA,176.65,1471.96,-605.64
25/12/2018,Tue,SA,70.24,1215.33,-701.46
26/12/2018,Wed,SA,116.86,1626.45,-633.22
27/12/2018,Thu,SA,129.92,1976.39,-1.53
28/12/2018,Fri,SA,215.15,1964.03,306.48
29/12/2018,Sat,SA,94.2,1240.62,-239.92
30/12/2018,Sun,SA,119.35,903.45,-344.11
31/12/2018,Mon,SA,100.44,1102.9,-419.84
1/01/2019,Tue,SA,89.7,959.04,-36.12
2/01/2019,Wed,SA,107.25,1419.57,-230.95
3/01/2019,Thu,SA,148.24,2212.02,-650.94
4/01/2019,Fri,SA,113.08,1362.23,637.09
5/01/2019,Sat,SA,33.55,722.7,461.52
6/01/2019,Sun,SA,59,701.02,19.53
7/01/2019,Mon,SA,92.74,1160.96,-118.46
8/01/2019,Tue,SA,90.05,975.22,482.17
9/01/2019,Wed,SA,84.61,871.93,516.83
10/01/2019,Thu,SA,91.9,996.23,452.72
11/01/2019,Fri,SA,164.88,2065.26,-197.37
12/01/2019,Sat,SA,96.15,1182.07,375.16
13/01/2019,Sun,SA,65.41,1056.92,-17.69
14/01/2019,Mon,SA,219.1,2127.56,134.96
15/01/2019,Tue,SA,130.14,2344.94,352.91
16/01/2019,Wed,SA,123.7,2466.82,16.27
17/01/2019,Thu,SA,218.6,2476.85,42.27
18/01/2019,Fri,SA,185.66,1510.84,-57.16
19/01/2019,Sat,SA,67.49,981.79,107.88
20/01/2019,Sun,SA,80.94,1055.78,-153.88
21/01/2019,Mon,SA,295.25,1867.4,-430.35
22/01/2019,Tue,SA,301.94,2336.45,-136.33
23/01/2019,Wed,SA,183.09,2385.82,-618.3
24/01/2019,Thu,SA,469.72,2713.63,7.42
25/01/2019,Fri,SA,248,1894.29,542.58
26/01/2019,Sat,SA,81.43,1110.12,643.25
27/01/2019,Sun,SA,61.49,709.37,227.55
28/01/2019,Mon,SA,172.59,963.68,366.25
29/01/2019,Tue,SA,215.92,1508.46,628.75
30/01/2019,Wed,SA,251.76,1954.45,493
31/01/2019,Thu,SA,95.72,968.7,528.13
1/02/2019,Fri,SA,88.75,865.82,154.44
2/02/2019,Sat,SA,307.14,1523.06,-108.61
3/02/2019,Sun,SA,104.98,1612.04,154.65
4/02/2019,Mon,SA,102.1,1105.58,651.19
5/02/2019,Tue,SA,93.21,1161.74,256.18
6/02/2019,Wed,SA,293.04,1525.7,-18.58
7/02/2019,Thu,SA,125.62,1449.61,181.06
8/02/2019,Fri,SA,87.86,889.79,604.5
9/02/2019,Sat,SA,-10.15,709.27,615.62
10/02/2019,Sun,SA,56.32,680.74,236.42
11/02/2019,Mon,SA,78.41,1088.24,585.87
12/02/2019,Tue,SA,-34.94,920.73,622.42
13/02/2019,Wed,SA,83.54,926.82,-75.05
14/02/2019,Thu,SA,97.71,843.2,53.01
15/02/2019,Fri,SA,117.92,1035.88,-14.9
16/02/2019,Sat,SA,112.44,1044.29,-0.5
17/02/2019,Sun,SA,119.71,1229.98,-175.29
18/02/2019,Mon,SA,76.5,928.75,622.78
19/02/2019,Tue,SA,102.83,909.38,207.47
20/02/2019,Wed,SA,91.68,930.51,278.29
21/02/2019,Thu,SA,96.04,987.14,140.64
22/02/2019,Fri,SA,114.65,1161.35,-15.83
23/02/2019,Sat,SA,54.72,1182.49,-400.44
24/02/2019,Sun,SA,123.06,1641.08,-102.74
25/02/2019,Mon,SA,315.69,2054.29,-96.58
26/02/2019,Tue,SA,163.66,1937.39,-359.37
27/02/2019,Wed,SA,170.63,2210.59,-660.61
28/02/2019,Thu,SA,317.33,2215.35,-232.03
1/03/2019,Fri,SA,264.55,2354.35,-159.6
2/03/2019,Sat,SA,314.37,2311.97,-637.94
3/03/2019,Sun,SA,249.19,1616.85,-25.09
4/03/2019,Mon,SA,136.82,1656.9,193.85
5/03/2019,Tue,SA,95.91,1051.84,504.25
6/03/2019,Wed,SA,50.92,880,132.6
7/03/2019,Thu,SA,104.65,979.33,171.38
8/03/2019,Fri,SA,115.4,1368.5,46.59
9/03/2019,Sat,SA,48.18,1034.94,449.78
10/03/2019,Sun,SA,62.4,1126.29,276.19
11/03/2019,Mon,SA,36.24,834.54,557.57
12/03/2019,Tue,SA,67.47,909.5,231.25
13/03/2019,Wed,SA,100.23,1047.79,370.85
14/03/2019,Thu,SA,103.08,1030.97,369.07
15/03/2019,Fri,SA,112.89,1030.13,-20.19
16/03/2019,Sat,SA,97.57,980,-46.23
17/03/2019,Sun,SA,119.18,1022.83,1.18
18/03/2019,Mon,SA,124.32,1412.1,70.15
19/03/2019,Tue,SA,91.89,1334.94,350.21
20/03/2019,Wed,SA,122.83,1393.93,256
21/03/2019,Thu,SA,116.26,1278.13,375.94
22/03/2019,Fri,SA,132.15,1512.63,129.38
23/03/2019,Sat,SA,127.11,1035.97,458.25
24/03/2019,Sun,SA,88.44,1054.55,541.15
25/03/2019,Mon,SA,76.24,946,449.32
26/03/2019,Tue,SA,86.22,985.94,117.26
27/03/2019,Wed,SA,101.39,1035.19,-64.92
28/03/2019,Thu,SA,102.15,1048.38,29.23
29/03/2019,Fri,SA,80.66,1154.3,452.27
30/03/2019,Sat,SA,47.06,1018.06,385.01
31/03/2019,Sun,SA,64.84,891.17,279.4
1/04/2019,Mon,SA,101.1,957.81,207.63
2/04/2019,Tue,SA,104.18,1024.91,179.57
3/04/2019,Wed,SA,118.03,1371.78,-90.52
4/04/2019,Thu,SA,117.49,1391.79,85.2
5/04/2019,Fri,SA,85.56,1509.04,282.55
6/04/2019,Sat,SA,93.73,858.83,137.96
7/04/2019,Sun,SA,-4.12,748.18,644.32
8/04/2019,Mon,SA,80.37,1070.8,614.33
9/04/2019,Tue,SA,110.49,1220.01,-87.57
10/04/2019,Wed,SA,100.46,1090.32,24.67
11/04/2019,Thu,SA,114.26,1022.89,115.34
12/04/2019,Fri,SA,113.08,977.09,262.21
13/04/2019,Sat,SA,85.21,1113.23,40.49
14/04/2019,Sun,SA,99.68,850.39,208.92
15/04/2019,Mon,SA,99.51,1282.65,191.79
16/04/2019,Tue,SA,97.02,1425.87,174.77
17/04/2019,Wed,SA,-13.73,1380.79,274.69
18/04/2019,Thu,SA,105.07,985.09,328.57
19/04/2019,Fri,SA,86.14,964.21,102.35
20/04/2019,Sat,SA,84.79,1038.22,457.35
21/04/2019,Sun,SA,85.1,881.92,-101.97
22/04/2019,Mon,SA,113.65,773.02,-63.43
23/04/2019,Tue,SA,88.43,935.96,-71.54
24/04/2019,Wed,SA,77.38,949.7,-29.82
25/04/2019,Thu,SA,40.89,675.21,-42.06
26/04/2019,Fri,SA,42.9,963.3,527.89
27/04/2019,Sat,SA,59.07,739.18,30.75
28/04/2019,Sun,SA,81.67,841.69,-201.28
29/04/2019,Mon,SA,102.09,1026.89,314.13
30/04/2019,Tue,SA,-33.31,1126.43,244.41
1/05/2019,Wed,SA,3.93,1043.86,266.67
2/05/2019,Thu,SA,101.94,930.13,93.03
3/05/2019,Fri,SA,80.27,1171.18,579.47
4/05/2019,Sat,SA,78.49,994.19,-101.74
5/05/2019,Sun,SA,97.35,873.35,163.77
6/05/2019,Mon,SA,101,1003.76,201.8
7/05/2019,Tue,SA,58.59,1145.12,350.07
8/05/2019,Wed,SA,92.84,1250.37,137.44
9/05/2019,Thu,SA,86.92,1499.8,74.48
10/05/2019,Fri,SA,75.28,993.92,514.25
11/05/2019,Sat,SA,79.24,1086.8,-3.63
12/05/2019,Sun,SA,77.67,1122.64,-268.36
13/05/2019,Mon,SA,66.45,969.91,184.58
14/05/2019,Tue,SA,79.12,1061.08,-38.89
15/05/2019,Wed,SA,93.2,1087.54,89.95
16/05/2019,Thu,SA,93.76,1063.15,151.56
17/05/2019,Fri,SA,83.11,1035.8,189.64
18/05/2019,Sat,SA,80.47,1099.67,74.81
19/05/2019,Sun,SA,63.06,1253.2,189.62
20/05/2019,Mon,SA,67.97,1063.91,444.39
21/05/2019,Tue,SA,96.11,1064.71,70.26
22/05/2019,Wed,SA,100.36,1107.27,249.97
23/05/2019,Thu,SA,44.45,1159.64,620.31
24/05/2019,Fri,SA,34.7,1100.42,566.19
25/05/2019,Sat,SA,50.76,1034.83,399.85
26/05/2019,Sun,SA,47.08,1116.08,236.62
27/05/2019,Mon,SA,76.64,1299.01,144.36
28/05/2019,Tue,SA,66.23,1243.3,468.76
29/05/2019,Wed,SA,63.08,1182.47,483.34
30/05/2019,Thu,SA,83.7,1336.48,-101.94
31/05/2019,Fri,SA,99.75,1485.77,-109.65
1/06/2019,Sat,SA,96.32,1037.33,115.84
2/06/2019,Sun,SA,75.27,1009.19,572.05
3/06/2019,Mon,SA,62.91,1330.91,570.93
4/06/2019,Tue,SA,108.66,1528.38,-171.01
5/06/2019,Wed,SA,120.23,1401.36,-76.55
6/06/2019,Thu,SA,124.64,1233.26,-12.92
7/06/2019,Fri,SA,108.9,1113.73,234.13
8/06/2019,Sat,SA,87.56,973.06,542.48
9/06/2019,Sun,SA,72.08,1263.77,-255.96
10/06/2019,Mon,SA,50.59,727.63,181.31
11/06/2019,Tue,SA,43.33,970.84,300.9
12/06/2019,Wed,SA,62.58,1121.24,475.29
13/06/2019,Thu,SA,71.45,1149.02,234.72
14/06/2019,Fri,SA,66.26,1175.49,221.86
15/06/2019,Sat,SA,95.51,1076.64,355.67
16/06/2019,Sun,SA,98.9,866.69,22.65
17/06/2019,Mon,SA,72.38,1410.72,92.16
18/06/2019,Tue,SA,99.35,1243.94,194.61
19/06/2019,Wed,SA,147.95,1460.51,-153.34
20/06/2019,Thu,SA,144.38,1635.73,-399.26
21/06/2019,Fri,SA,114.37,1461.45,-149.91
22/06/2019,Sat,SA,106.29,1143.49,76.03
23/06/2019,Sun,SA,100.27,1059.51,256.09
24/06/2019,Mon,SA,110.05,1846.06,-90.66
25/06/2019,Tue,SA,102.1,1230.66,48.97
26/06/2019,Wed,SA,78.4,1115.28,221.75
27/06/2019,Thu,SA,-24.61,998.31,511.19
28/06/2019,Fri,SA,44.98,1110.48,465.72
29/06/2019,Sat,SA,56.49,1357.32,44.86
30/06/2019,Sun,SA,30.9,1259.24,55.44
1/07/2019,Mon,SA,59.35,1279.42,318.72
2/07/2019,Tue,SA,91.32,1350.22,-241.27
3/07/2019,Wed,SA,93.91,1382.07,175.89
4/07/2019,Thu,SA,72.65,1140.63,120.98
5/07/2019,Fri,SA,69.28,1008.1,188.36
6/07/2019,Sat,SA,57.14,914.27,347.61
7/07/2019,Sun,SA,105.86,844.38,303.17
8/07/2019,Mon,SA,79.72,1255.02,50.59
9/07/2019,Tue,SA,81.99,1085.09,213.22
10/07/2019,Wed,SA,77.27,1494.96,41.11
11/07/2019,Thu,SA,-137.89,1266.04,194.47
12/07/2019,Fri,SA,81.34,1265.76,152.68
13/07/2019,Sat,SA,62.81,949.3,232.93
14/07/2019,Sun,SA,59.52,1186.06,165.6
15/07/2019,Mon,SA,77.7,1539.88,124.22
16/07/2019,Tue,SA,100.67,1425.51,-108.41
17/07/2019,Wed,SA,66.84,1362.22,507.04
18/07/2019,Thu,SA,-54.62,1188.24,589.13
19/07/2019,Fri,SA,70.38,982.14,257.65
20/07/2019,Sat,SA,-21.81,726.13,600.64
21/07/2019,Sun,SA,24.02,748.19,492.28
22/07/2019,Mon,SA,43.97,940.69,555.51
23/07/2019,Tue,SA,52.68,1262.55,327.05
24/07/2019,Wed,SA,87.02,1209.74,290.89
25/07/2019,Thu,SA,70.64,1172.32,194.51
26/07/2019,Fri,SA,79.89,1195.84,286.63
27/07/2019,Sat,SA,71.08,1076.53,78.58
28/07/2019,Sun,SA,33.52,1283.36,171.83
29/07/2019,Mon,SA,82.85,1209.23,173.69
30/07/2019,Tue,SA,79.24,1297.64,136.55
31/07/2019,Wed,SA,101,1569.48,-127.44
1/08/2019,Thu,SA,92.69,1456.18,73.67
2/08/2019,Fri,SA,115.08,1497.87,177.06
3/08/2019,Sat,SA,101.18,1350.78,-39.12
4/08/2019,Sun,SA,79.7,826.24,469.13
5/08/2019,Mon,SA,77.48,960.65,400.58
6/08/2019,Tue,SA,67.1,1260.23,491.36
7/08/2019,Wed,SA,86.88,1674.52,101.67
8/08/2019,Thu,SA,75.39,1713.29,458.89
9/08/2019,Fri,SA,-100.4,1355.31,389.87
10/08/2019,Sat,SA,74.47,1002.97,379.17
15/07/2018,Sun,TAS,46.07,1304.41,141.48
16/07/2018,Mon,TAS,58.63,1348.72,456.52
17/07/2018,Tue,TAS,58.8,1250.72,322.08
18/07/2018,Wed,TAS,51.92,1255.12,192.67
19/07/2018,Thu,TAS,65.56,1226.19,312.83
20/07/2018,Fri,TAS,56.07,1256.66,447.65
21/07/2018,Sat,TAS,14.09,1256.09,452.73
22/07/2018,Sun,TAS,20.44,1262.01,361.47
23/07/2018,Mon,TAS,32.31,1347.1,413.77
24/07/2018,Tue,TAS,27.77,1323.46,405.73
25/07/2018,Wed,TAS,32.83,1256.35,464.12
26/07/2018,Thu,TAS,33.04,1195.52,467.7
27/07/2018,Fri,TAS,-0.67,1283.3,472.68
28/07/2018,Sat,TAS,9.76,1186.07,407.87
29/07/2018,Sun,TAS,6.04,1184.99,393.73
30/07/2018,Mon,TAS,4.07,1272.42,468.82
31/07/2018,Tue,TAS,5.02,1285.93,379.07
1/08/2018,Wed,TAS,36.64,1270.14,457.82
2/08/2018,Thu,TAS,33.05,1220.68,178.23
3/08/2018,Fri,TAS,61.25,1282.39,366.77
4/08/2018,Sat,TAS,35.2,1147.73,203.95
5/08/2018,Sun,TAS,12.77,1139.17,333.47
6/08/2018,Mon,TAS,36.78,1312.04,473.7
7/08/2018,Tue,TAS,14.2,1171.15,413.43
8/08/2018,Wed,TAS,12.94,1202.54,442.43
9/08/2018,Thu,TAS,-11.3,1191.92,449.37
10/08/2018,Fri,TAS,29.22,1216.81,362.47
11/08/2018,Sat,TAS,18.64,1246.39,305.48
12/08/2018,Sun,TAS,11.69,1197.41,358.43
13/08/2018,Mon,TAS,36.78,1224.64,468.3
14/08/2018,Tue,TAS,-10.83,1103.22,371.75
15/08/2018,Wed,TAS,-0.64,1276.99,488.25
16/08/2018,Thu,TAS,10.33,1160.5,473.5
17/08/2018,Fri,TAS,-7.34,1075.87,390.57
18/08/2018,Sat,TAS,7.86,1121.11,224.3
19/08/2018,Sun,TAS,10.33,1185.04,397.82
20/08/2018,Mon,TAS,31.29,1269.21,474.4
21/08/2018,Tue,TAS,5.82,1270.84,475.02
22/08/2018,Wed,TAS,10.58,1267.04,470.73
23/08/2018,Thu,TAS,34.96,1165.53,475.53
24/08/2018,Fri,TAS,2.18,1196.46,475.63
25/08/2018,Sat,TAS,2.66,1069.28,370.22
26/08/2018,Sun,TAS,-2.56,1175.8,460.57
27/08/2018,Mon,TAS,45.21,1283.05,469.92
28/08/2018,Tue,TAS,36.27,1365.39,471.57
29/08/2018,Wed,TAS,8.26,1197.03,469.52
30/08/2018,Thu,TAS,45.22,1223.49,462.38
31/08/2018,Fri,TAS,45.22,1340.93,488.73
1/09/2018,Sat,TAS,4.8,1118.04,481.23
2/09/2018,Sun,TAS,10.3,1160.42,472.9
3/09/2018,Mon,TAS,-46.33,1286.75,473
4/09/2018,Tue,TAS,-0.61,1193.89,473.48
5/09/2018,Wed,TAS,45.17,1195.8,366.48
6/09/2018,Thu,TAS,0.38,1204.61,426.68
7/09/2018,Fri,TAS,50.14,1143.75,438.3
8/09/2018,Sat,TAS,69.07,1055.62,95.7
9/09/2018,Sun,TAS,50.28,990.2,119.22
10/09/2018,Mon,TAS,69.36,1021.81,396.27
11/09/2018,Tue,TAS,21.39,1050.75,325.55
12/09/2018,Wed,TAS,36.27,1045.61,385.05
13/09/2018,Thu,TAS,36.97,1129.04,381.4
14/09/2018,Fri,TAS,32.88,1004.77,-138.85
15/09/2018,Sat,TAS,22.07,1019.46,-120.53
16/09/2018,Sun,TAS,-0.58,1084.59,440.33
17/09/2018,Mon,TAS,36.27,1131.34,134.87
18/09/2018,Tue,TAS,66.69,1172.89,394.63
19/09/2018,Wed,TAS,15.4,1152.13,476.93
20/09/2018,Thu,TAS,-0.6,954.59,477.88
21/09/2018,Fri,TAS,6.12,1055.37,470.75
22/09/2018,Sat,TAS,32.61,1058.94,406.33
23/09/2018,Sun,TAS,23.32,1079.36,346.7
24/09/2018,Mon,TAS,72.14,1133.97,190.83
25/09/2018,Tue,TAS,81.27,1036.91,324.43
26/09/2018,Wed,TAS,119.1,1109.8,156.53
27/09/2018,Thu,TAS,70.2,1111.11,-138.13
28/09/2018,Fri,TAS,45.2,1077.83,-221.87
29/09/2018,Sat,TAS,82.55,1019.79,95.38
30/09/2018,Sun,TAS,113.9,1016.24,87.37
1/10/2018,Mon,TAS,54.77,1151.25,352.62
2/10/2018,Tue,TAS,77.59,1029.4,-252.5
3/10/2018,Wed,TAS,99.01,989.75,304.3
4/10/2018,Thu,TAS,50.2,1021.66,-121.75
5/10/2018,Fri,TAS,102.6,986.19,75.77
6/10/2018,Sat,TAS,177.92,984.04,-179.53
7/10/2018,Sun,TAS,66.01,959.11,-190.95
8/10/2018,Mon,TAS,45.76,1092.51,-102.6
9/10/2018,Tue,TAS,110.81,1092.8,84.18
10/10/2018,Wed,TAS,96.96,1122.37,-319.35
11/10/2018,Thu,TAS,71.3,1115.71,-261.03
12/10/2018,Fri,TAS,49.45,881.07,-134.07
13/10/2018,Sat,TAS,51.67,902.83,-154.32
14/10/2018,Sun,TAS,51.7,981.18,-290.45
15/10/2018,Mon,TAS,50.29,986.6,-126.32
16/10/2018,Tue,TAS,83.02,1025.31,-129.28
17/10/2018,Wed,TAS,113.52,1155.74,390.67
18/10/2018,Thu,TAS,114.41,1166.23,329.72
19/10/2018,Fri,TAS,96.47,948.77,230.3
20/10/2018,Sat,TAS,42.74,1011.28,-219.43
21/10/2018,Sun,TAS,80.53,1016.38,-249.35
22/10/2018,Mon,TAS,63,1059.51,-348.87
23/10/2018,Tue,TAS,59.91,1033.18,-237.13
24/10/2018,Wed,TAS,87,996.06,-256.77
25/10/2018,Thu,TAS,113.43,1083.16,-351.72
26/10/2018,Fri,TAS,101.98,1063.8,-259.8
27/10/2018,Sat,TAS,66.6,1013.49,-265.42
28/10/2018,Sun,TAS,84.37,1027.03,-364.12
29/10/2018,Mon,TAS,122.71,1074.47,-360.83
30/10/2018,Tue,TAS,100.73,1090.99,-192.45
31/10/2018,Wed,TAS,154.76,1078.16,179.53
1/11/2018,Thu,TAS,69.83,1011.5,-130.6
2/11/2018,Fri,TAS,95.96,983.65,188.92
3/11/2018,Sat,TAS,78.28,996.67,57.55
4/11/2018,Sun,TAS,50.34,1079.75,-173.83
5/11/2018,Mon,TAS,84.09,1203.01,101.7
6/11/2018,Tue,TAS,55.97,1178.32,-273.37
7/11/2018,Wed,TAS,59.29,1000.76,130.48
8/11/2018,Thu,TAS,51.4,1038.85,-170.6
9/11/2018,Fri,TAS,58.83,1115.64,-127.43
10/11/2018,Sat,TAS,63.98,1063,-200.3
11/11/2018,Sun,TAS,59.6,1056.22,-217.08
12/11/2018,Mon,TAS,140.75,1067.94,206.12
13/11/2018,Tue,TAS,83.11,1152.89,114.02
14/11/2018,Wed,TAS,52.42,1197.17,366.22
15/11/2018,Thu,TAS,73.36,1110.06,160.93
16/11/2018,Fri,TAS,65.12,1129.84,-186.47
17/11/2018,Sat,TAS,70.08,1016.09,-187.8
18/11/2018,Sun,TAS,77.78,1011.93,116.87
19/11/2018,Mon,TAS,38.58,1024.33,475.12
20/11/2018,Tue,TAS,44.9,1128.35,463.03
21/11/2018,Wed,TAS,67.83,1045.95,219.95
22/11/2018,Thu,TAS,57.15,1163.69,-316.8
23/11/2018,Fri,TAS,64.48,1078.6,106.58
24/11/2018,Sat,TAS,95.09,1031.05,319.65
25/11/2018,Sun,TAS,52.59,1110.77,-210.98
26/11/2018,Mon,TAS,95.74,1150.29,194.6
27/11/2018,Tue,TAS,132.41,1137.16,125.22
28/11/2018,Wed,TAS,51.92,1095.71,-154.2
29/11/2018,Thu,TAS,88.68,1109.69,174.77
30/11/2018,Fri,TAS,64.33,1074.2,190.93
1/12/2018,Sat,TAS,19.72,947.02,79.32
2/12/2018,Sun,TAS,53.89,952.43,-433.82
3/12/2018,Mon,TAS,60.07,1056.72,188.5
4/12/2018,Tue,TAS,3.56,1140.99,354.25
5/12/2018,Wed,TAS,61.61,1114.43,428.62
6/12/2018,Thu,TAS,62.46,1060.52,479.5
7/12/2018,Fri,TAS,-0.74,1104.19,470.35
8/12/2018,Sat,TAS,109.79,1031.13,438.48
9/12/2018,Sun,TAS,74.28,1075.26,332.15
10/12/2018,Mon,TAS,87.57,1064.58,425.38
11/12/2018,Tue,TAS,53.9,1028.92,473.9
12/12/2018,Wed,TAS,62.49,986.55,483.88
13/12/2018,Thu,TAS,66.93,1004.12,379.25
14/12/2018,Fri,TAS,12.96,1033.21,472.78
15/12/2018,Sat,TAS,61.52,1034.22,376.62
16/12/2018,Sun,TAS,102.59,1098.19,103.35
17/12/2018,Mon,TAS,100.86,1087.18,296.25
18/12/2018,Tue,TAS,12.98,1037.68,460.77
19/12/2018,Wed,TAS,52.44,1067.03,465.77
20/12/2018,Thu,TAS,6.2,974.56,152.38
21/12/2018,Fri,TAS,61.78,1035.65,-147.78
22/12/2018,Sat,TAS,60.01,967.8,-324.93
23/12/2018,Sun,TAS,54.5,1012.08,-260.75
24/12/2018,Mon,TAS,120.27,1119.52,308.95
25/12/2018,Tue,TAS,56.3,958.64,-172.82
26/12/2018,Wed,TAS,92.14,1066.66,176.5
27/12/2018,Thu,TAS,24.25,1112.36,468.72
28/12/2018,Fri,TAS,96.57,1134.6,476.57
29/12/2018,Sat,TAS,65.57,996.99,466.47
30/12/2018,Sun,TAS,97.99,1041.89,189.2
31/12/2018,Mon,TAS,84.34,1054.29,152.17
1/01/2019,Tue,TAS,85.85,994.43,-148.18
2/01/2019,Wed,TAS,96.41,1036.18,138.93
3/01/2019,Thu,TAS,118.95,1068.07,159.2
4/01/2019,Fri,TAS,-0.72,1075.13,469.63
5/01/2019,Sat,TAS,62.47,1008.01,-423.55
6/01/2019,Sun,TAS,111.86,1034.58,-448.25
7/01/2019,Mon,TAS,104.25,1048.42,-412.85
8/01/2019,Tue,TAS,106.8,1077.13,90.92
9/01/2019,Wed,TAS,107.52,1024.38,-385.07
10/01/2019,Thu,TAS,108.74,1077.06,-181.17
11/01/2019,Fri,TAS,117.68,1069.07,-9.05
12/01/2019,Sat,TAS,115.45,1015.63,-333.18
13/01/2019,Sun,TAS,125.32,1057.26,-442.87
14/01/2019,Mon,TAS,136.62,1114.66,477.07
15/01/2019,Tue,TAS,126.68,1263.2,446.83
16/01/2019,Wed,TAS,116.23,1113.44,210.67
17/01/2019,Thu,TAS,182.2,1188.4,424.13
18/01/2019,Fri,TAS,162.51,1139.38,402.58
19/01/2019,Sat,TAS,120.1,1001.18,-429.22
20/01/2019,Sun,TAS,124.3,1060.25,-435.75
21/01/2019,Mon,TAS,253.52,1185.12,27.55
22/01/2019,Tue,TAS,270.39,1162.42,322.1
23/01/2019,Wed,TAS,145.7,1080.39,180.87
24/01/2019,Thu,TAS,-16.7,1072.24,484.48
25/01/2019,Fri,TAS,253.51,1227.38,436.05
26/01/2019,Sat,TAS,277.4,1095.08,36.9
27/01/2019,Sun,TAS,137.21,993.67,0
28/01/2019,Mon,TAS,191.54,1033.7,102.02
29/01/2019,Tue,TAS,54.8,1108.74,136.1
30/01/2019,Wed,TAS,528.97,1185.83,13.93
31/01/2019,Thu,TAS,114.1,1000.29,-174.13
1/02/2019,Fri,TAS,151.24,1105.99,-379.97
2/02/2019,Sat,TAS,278.95,1042.72,251.17
3/02/2019,Sun,TAS,109.72,1132.38,-74.75
4/02/2019,Mon,TAS,146.99,995.66,-267.45
5/02/2019,Tue,TAS,149.75,1005.13,-312.02
6/02/2019,Wed,TAS,146.16,1006.26,372.25
7/02/2019,Thu,TAS,127.45,1097.62,125.3
8/02/2019,Fri,TAS,103.47,964.86,-125.32
9/02/2019,Sat,TAS,31.84,884.19,-298.18
10/02/2019,Sun,TAS,89.95,934.93,-319.97
11/02/2019,Mon,TAS,102.26,977.69,-223.1
12/02/2019,Tue,TAS,149.39,921.61,-136.1
13/02/2019,Wed,TAS,85.36,960.56,-263.07
14/02/2019,Thu,TAS,103.44,1007.47,-271.43
15/02/2019,Fri,TAS,146.14,1035.43,-337.25
16/02/2019,Sat,TAS,151.36,1014.17,-344.08
17/02/2019,Sun,TAS,138.19,1035.07,-353.75
18/02/2019,Mon,TAS,133.83,1018.29,-329.62
19/02/2019,Tue,TAS,109.58,999.1,-185.65
20/02/2019,Wed,TAS,138.16,990.01,-296.53
21/02/2019,Thu,TAS,104.33,1051.7,-260.93
22/02/2019,Fri,TAS,139.98,1006.5,-362.47
23/02/2019,Sat,TAS,136.83,1019.13,-341.42
24/02/2019,Sun,TAS,126.11,859.02,-280.58
25/02/2019,Mon,TAS,278.87,1114.74,375.08
26/02/2019,Tue,TAS,152.9,973.91,-231.32
27/02/2019,Wed,TAS,143.08,908.62,80.55
28/02/2019,Thu,TAS,13.32,941.36,483.38
1/03/2019,Fri,TAS,57.02,1146.92,410.82
2/03/2019,Sat,TAS,247.92,1114.61,221.57
3/03/2019,Sun,TAS,140.45,1078.9,461.78
4/03/2019,Mon,TAS,141.11,1092.44,194.3
5/03/2019,Tue,TAS,115.96,1046.56,-211.38
6/03/2019,Wed,TAS,150.16,935.06,-120.2
7/03/2019,Thu,TAS,122.57,1091.61,-414.58
8/03/2019,Fri,TAS,112.51,1098.87,177.08
9/03/2019,Sat,TAS,150.43,1110.98,-458.83
10/03/2019,Sun,TAS,150.42,988.39,-452.63
11/03/2019,Mon,TAS,69.24,1014.8,-441.33
12/03/2019,Tue,TAS,138.16,1021.53,-456.2
13/03/2019,Wed,TAS,117.92,1139.88,-352.93
14/03/2019,Thu,TAS,122.61,1111.31,-373.98
15/03/2019,Fri,TAS,142.56,1066.99,-395.43
16/03/2019,Sat,TAS,138.16,950.73,-429.92
17/03/2019,Sun,TAS,124.33,1022.36,-253.5
18/03/2019,Mon,TAS,129.78,1071.17,-202.13
19/03/2019,Tue,TAS,106.83,1057.47,-288.72
20/03/2019,Wed,TAS,137.98,1076.26,-229.5
21/03/2019,Thu,TAS,123.87,1106.24,111.17
22/03/2019,Fri,TAS,128.18,981.46,278.95
23/03/2019,Sat,TAS,119.92,990.53,-189.7
24/03/2019,Sun,TAS,109.08,985.71,-247.12
25/03/2019,Mon,TAS,98.31,997.45,-428
26/03/2019,Tue,TAS,86.94,938.52,-208.05
27/03/2019,Wed,TAS,102.8,1026.17,-244.35
28/03/2019,Thu,TAS,113.54,1087.99,-435.83
29/03/2019,Fri,TAS,79.77,1076.86,-146.25
30/03/2019,Sat,TAS,122.86,939.33,-446.93
31/03/2019,Sun,TAS,74.85,976.76,-349.17
1/04/2019,Mon,TAS,104.77,1084.79,102.32
2/04/2019,Tue,TAS,115.91,1029.83,-340.42
3/04/2019,Wed,TAS,117.32,977.38,-227.75
4/04/2019,Thu,TAS,123.06,1052.12,86.85
5/04/2019,Fri,TAS,116.65,1062.2,-453.35
6/04/2019,Sat,TAS,112.43,1063.07,-441.95
7/04/2019,Sun,TAS,122.89,986.23,-405.02
8/04/2019,Mon,TAS,115.8,1082.48,-258.1
9/04/2019,Tue,TAS,117.57,990.39,-456.18
10/04/2019,Wed,TAS,105.34,1034.46,-265.93
11/04/2019,Thu,TAS,122.19,1075.37,-293
12/04/2019,Fri,TAS,126.8,1077.08,-280.9
13/04/2019,Sat,TAS,89.69,1058.65,92.95
14/04/2019,Sun,TAS,120.75,983.33,-458.43
15/04/2019,Mon,TAS,88.42,964.09,55.42
16/04/2019,Tue,TAS,109.5,1000.91,-183.18
17/04/2019,Wed,TAS,136.26,1111.19,-199.28
18/04/2019,Thu,TAS,98.48,1054.78,-82.27
19/04/2019,Fri,TAS,77.37,953.48,-227.25
20/04/2019,Sat,TAS,91.51,894.76,-398.62
21/04/2019,Sun,TAS,68.34,991.1,-165.9
22/04/2019,Mon,TAS,101.92,1029.07,93.07
23/04/2019,Tue,TAS,82.98,1083.67,130
24/04/2019,Wed,TAS,54.93,1101.78,-99.57
25/04/2019,Thu,TAS,94.57,964.29,-409
26/04/2019,Fri,TAS,93.24,1059.51,-185.03
27/04/2019,Sat,TAS,60.52,1001.46,-234.48
28/04/2019,Sun,TAS,71.37,964.8,-104.97
29/04/2019,Mon,TAS,110.32,1152.84,107.3
30/04/2019,Tue,TAS,96.07,1022.92,-326.37
1/05/2019,Wed,TAS,78.11,1157.66,-88.47
2/05/2019,Thu,TAS,100.03,1107.24,125.1
3/05/2019,Fri,TAS,99.56,997.16,108.2
4/05/2019,Sat,TAS,74.51,1015.2,31.52
5/05/2019,Sun,TAS,98.83,1092.74,122.68
6/05/2019,Mon,TAS,103.26,1189.46,119.52
7/05/2019,Tue,TAS,69.55,1171.29,-396.47
8/05/2019,Wed,TAS,99.42,1000.03,115.05
9/05/2019,Thu,TAS,85.54,1180.71,154.2
10/05/2019,Fri,TAS,63.28,1175.29,-117.28
11/05/2019,Sat,TAS,79.82,949.41,-203.25
12/05/2019,Sun,TAS,67.6,1065.86,-140.78
13/05/2019,Mon,TAS,74.22,1124.42,99.75
14/05/2019,Tue,TAS,75.19,1122.29,161.43
15/05/2019,Wed,TAS,93.79,1097.28,104.65
16/05/2019,Thu,TAS,90.87,1164.39,-141.17
17/05/2019,Fri,TAS,91.05,1196.88,-209.45
18/05/2019,Sat,TAS,79.18,1039.26,-165.5
19/05/2019,Sun,TAS,92.4,1086.16,-447.95
20/05/2019,Mon,TAS,89.56,1253.36,-307.95
21/05/2019,Tue,TAS,99.61,1201.8,92.23
22/05/2019,Wed,TAS,101.53,1172.6,207.73
23/05/2019,Thu,TAS,64.02,1171.01,-159.58
24/05/2019,Fri,TAS,77.18,1224.06,-350.07
25/05/2019,Sat,TAS,57.83,1131.26,-211.28
26/05/2019,Sun,TAS,55.6,1167.69,-145.65
27/05/2019,Mon,TAS,85.55,1174.15,99.85
28/05/2019,Tue,TAS,94.37,1303.93,94.27
29/05/2019,Wed,TAS,79.25,1203.86,-223.7
30/05/2019,Thu,TAS,77.23,1192.55,59.48
31/05/2019,Fri,TAS,92.42,1143.95,114.02
1/06/2019,Sat,TAS,93.52,1119.63,238.97
2/06/2019,Sun,TAS,92.68,1319.74,0
3/06/2019,Mon,TAS,92.48,1265.09,0
4/06/2019,Tue,TAS,103.46,1275.62,96.7
5/06/2019,Wed,TAS,110.79,1276.78,194.72
6/06/2019,Thu,TAS,97.17,1101.15,438.9
7/06/2019,Fri,TAS,101.15,1246.86,439.83
8/06/2019,Sat,TAS,100.46,1243.84,121.87
9/06/2019,Sun,TAS,65.46,1215.68,-164.67
10/06/2019,Mon,TAS,32.46,1222.07,-63.25
11/06/2019,Tue,TAS,78.88,1262.16,87.03
12/06/2019,Wed,TAS,99.15,1293.34,118.88
13/06/2019,Thu,TAS,72.58,1149.04,248.52
14/06/2019,Fri,TAS,66.75,1145.46,226.45
15/06/2019,Sat,TAS,98.68,1192.46,-166.3
16/06/2019,Sun,TAS,93.71,1200.82,192.15
17/06/2019,Mon,TAS,78.51,1271.01,-285.25
18/06/2019,Tue,TAS,100.67,1242.6,184.62
19/06/2019,Wed,TAS,110.81,1302.73,459.02
20/06/2019,Thu,TAS,116.57,1300.47,361.6
21/06/2019,Fri,TAS,102.15,1313.94,265.42
22/06/2019,Sat,TAS,102.3,1261.89,197.25
23/06/2019,Sun,TAS,101.89,1332.78,257.18
24/06/2019,Mon,TAS,108.3,1398.95,100.88
25/06/2019,Tue,TAS,99.68,1346.38,118.58
26/06/2019,Wed,TAS,88.96,1215.55,-335.93
27/06/2019,Thu,TAS,93.13,1177.26,-406.22
28/06/2019,Fri,TAS,53.4,1181.87,-224.42
29/06/2019,Sat,TAS,56.94,1186.59,-172.3
30/06/2019,Sun,TAS,26.4,1134.83,-152.78
1/07/2019,Mon,TAS,93.95,1156.24,104.15
2/07/2019,Tue,TAS,79.85,1211.35,232.55
3/07/2019,Wed,TAS,94.08,1253.09,144.63
4/07/2019,Thu,TAS,69.66,1247.52,-130.5
5/07/2019,Fri,TAS,66.21,1185.96,-107.2
6/07/2019,Sat,TAS,61.69,1115.37,-261.65
7/07/2019,Sun,TAS,106.25,1225.41,280.77
8/07/2019,Mon,TAS,77.37,1256.24,181.9
9/07/2019,Tue,TAS,87.91,1135.5,362.18
10/07/2019,Wed,TAS,71.89,1163.07,296.35
11/07/2019,Thu,TAS,90.55,1165.04,310.28
12/07/2019,Fri,TAS,78.94,1265.9,264.08
13/07/2019,Sat,TAS,66.29,1202.35,149.22
14/07/2019,Sun,TAS,91.83,1289.2,121.77
15/07/2019,Mon,TAS,75.09,1253.67,272.02
16/07/2019,Tue,TAS,89.75,1154.24,397.6
17/07/2019,Wed,TAS,74.56,1223.1,172.63
18/07/2019,Thu,TAS,43,1281.47,201.2
19/07/2019,Fri,TAS,67.68,1198.07,384.97
20/07/2019,Sat,TAS,13.74,1167.51,160.7
21/07/2019,Sun,TAS,25.4,1113.84,333.28
22/07/2019,Mon,TAS,44.58,1187,276.4
23/07/2019,Tue,TAS,52.44,1225.36,304.98
24/07/2019,Wed,TAS,81.76,1104.31,438.62
25/07/2019,Thu,TAS,79.99,1145.63,349.15
26/07/2019,Fri,TAS,91.81,1142.52,439.7
27/07/2019,Sat,TAS,76.63,1242.2,106.27
28/07/2019,Sun,TAS,71.31,1189.48,90.02
29/07/2019,Mon,TAS,87.65,1250.59,271.63
30/07/2019,Tue,TAS,83.32,1247.58,119.03
31/07/2019,Wed,TAS,91.97,1175.64,169.47
1/08/2019,Thu,TAS,84.2,1180.71,400.83
2/08/2019,Fri,TAS,84.23,1190.59,462.22
3/08/2019,Sat,TAS,80.27,1138.79,449.6
4/08/2019,Sun,TAS,83.06,1247.96,257.48
5/08/2019,Mon,TAS,82.34,1270.82,152.38
6/08/2019,Tue,TAS,74.28,1264.9,138.93
7/08/2019,Wed,TAS,84.24,1157.91,209.97
8/08/2019,Thu,TAS,84.31,1292.38,-279.77
9/08/2019,Fri,TAS,105.94,1214.59,369.02
10/08/2019,Sat,TAS,82.33,1208.76,-254.83
15/07/2018,Sun,VIC,47.92,4621.56,542.22
16/07/2018,Mon,VIC,120.29,6104.97,-1207.29
17/07/2018,Tue,VIC,63.9,5459.18,-258.2
18/07/2018,Wed,VIC,54.56,5307.14,-68.96
19/07/2018,Thu,VIC,71.94,5599.83,-649.03
20/07/2018,Fri,VIC,68.75,5861.2,-1169.29
21/07/2018,Sat,VIC,68.79,5133.44,-998.24
22/07/2018,Sun,VIC,10.5,4157.16,419.47
23/07/2018,Mon,VIC,65,5806.45,-512.62
24/07/2018,Tue,VIC,63.52,5791.85,-496.35
25/07/2018,Wed,VIC,72.41,5693.2,-770.16
26/07/2018,Thu,VIC,69.91,5750.49,-670.31
27/07/2018,Fri,VIC,63.11,5147.29,-220.08
28/07/2018,Sat,VIC,31.95,4575.48,279.08
29/07/2018,Sun,VIC,12.61,4740.58,459.76
30/07/2018,Mon,VIC,54.79,5905.58,-286.31
31/07/2018,Tue,VIC,27.47,5283.65,201.58
1/08/2018,Wed,VIC,65.66,5400,-447.83
2/08/2018,Thu,VIC,36.69,4918.87,657.97
3/08/2018,Fri,VIC,69.91,5846.28,-625.87
4/08/2018,Sat,VIC,22.67,4857.72,375.33
5/08/2018,Sun,VIC,15.51,3804.6,841.99
6/08/2018,Mon,VIC,77.56,5320.43,-829.76
7/08/2018,Tue,VIC,58.15,5520.64,-195.6
8/08/2018,Wed,VIC,62.37,5625.97,-305.48
9/08/2018,Thu,VIC,62.56,5475.45,-186.86
10/08/2018,Fri,VIC,19.22,4762.49,522.69
11/08/2018,Sat,VIC,33.9,4818.01,270.58
12/08/2018,Sun,VIC,24.44,4564.87,326.78
13/08/2018,Mon,VIC,65.17,5501.53,-47.88
14/08/2018,Tue,VIC,21.16,4635.58,39.05
15/08/2018,Wed,VIC,58.71,4993.69,-71.51
16/08/2018,Thu,VIC,106.02,5457.53,-593.23
17/08/2018,Fri,VIC,26.79,4895.82,-23.39
18/08/2018,Sat,VIC,8.96,4501.89,365.66
19/08/2018,Sun,VIC,13.6,4712.24,672.57
20/08/2018,Mon,VIC,75.73,6201.3,-367.98
21/08/2018,Tue,VIC,77.93,5938.34,-953.57
22/08/2018,Wed,VIC,80.83,5693.11,-1077.9
23/08/2018,Thu,VIC,82.27,5366.78,-442.47
24/08/2018,Fri,VIC,72.19,4847.21,-496.68
25/08/2018,Sat,VIC,107,4143.05,96.11
26/08/2018,Sun,VIC,41.75,3951.6,347.74
27/08/2018,Mon,VIC,90.44,5335.09,-673.55
28/08/2018,Tue,VIC,93.16,5651.45,-834.98
29/08/2018,Wed,VIC,64.46,5178.9,-640.73
30/08/2018,Thu,VIC,93.14,6360,-173.2
31/08/2018,Fri,VIC,96.48,5665.22,-764.12
1/09/2018,Sat,VIC,85.35,4886.81,-993.75
2/09/2018,Sun,VIC,117.12,4731.36,-986.03
3/09/2018,Mon,VIC,128.98,5272.55,-335.7
4/09/2018,Tue,VIC,96.53,4985.37,-648.94
5/09/2018,Wed,VIC,98.41,4794.06,-118.14
6/09/2018,Thu,VIC,134.47,4789.02,-1029.16
7/09/2018,Fri,VIC,108.3,4920.25,-813.61
8/09/2018,Sat,VIC,57.85,3926.95,-87.44
9/09/2018,Sun,VIC,53.24,4413.77,48.44
10/09/2018,Mon,VIC,76.91,5205.05,-520.53
11/09/2018,Tue,VIC,63.03,4434.37,561.72
12/09/2018,Wed,VIC,59.97,4550.73,-317.83
13/09/2018,Thu,VIC,59.11,4628.26,144.55
14/09/2018,Fri,VIC,36,4347.75,379.04
15/09/2018,Sat,VIC,36.1,4489.76,370.85
16/09/2018,Sun,VIC,48.38,4299.97,-4.8
17/09/2018,Mon,VIC,-57.87,4455.62,-135.96
18/09/2018,Tue,VIC,73.36,5210.99,-691.98
19/09/2018,Wed,VIC,69.65,4985.18,-556.88
20/09/2018,Thu,VIC,89.78,4867.94,-484.53
21/09/2018,Fri,VIC,61.78,4601.6,-107.1
22/09/2018,Sat,VIC,53,3966.03,133.58
23/09/2018,Sun,VIC,56.77,4169,-23.58
24/09/2018,Mon,VIC,75.7,4772.21,-469.32
25/09/2018,Tue,VIC,92.18,5077.5,-630.96
26/09/2018,Wed,VIC,123.82,4663.33,-297.76
27/09/2018,Thu,VIC,74.85,4434.69,-109.83
28/09/2018,Fri,VIC,52.39,4361.61,229.32
29/09/2018,Sat,VIC,60.27,4201.82,177.48
30/09/2018,Sun,VIC,62.71,3806.82,-89.22
1/10/2018,Mon,VIC,95.5,4612.59,-505.06
2/10/2018,Tue,VIC,74.6,4773.71,-266.91
3/10/2018,Wed,VIC,106.57,4998.44,-725.83
4/10/2018,Thu,VIC,88.09,4787.64,119.69
5/10/2018,Fri,VIC,92.24,4532.88,165.73
6/10/2018,Sat,VIC,176.96,3976.13,-33.06
7/10/2018,Sun,VIC,64.24,4211.08,-27.01
8/10/2018,Mon,VIC,98.4,5183.6,-513.58
9/10/2018,Tue,VIC,89.8,5123.69,-373.86
10/10/2018,Wed,VIC,92.09,4346.13,294.68
11/10/2018,Thu,VIC,68.41,4326.81,303.93
12/10/2018,Fri,VIC,85.29,4473.7,154.15
13/10/2018,Sat,VIC,67.36,3864.57,164.79
14/10/2018,Sun,VIC,49.48,3803.15,421.01
15/10/2018,Mon,VIC,80.8,5103.15,-566
16/10/2018,Tue,VIC,89.63,5223.04,-472.54
17/10/2018,Wed,VIC,169.36,4836.92,152.35
18/10/2018,Thu,VIC,123.95,4896,118.23
19/10/2018,Fri,VIC,102.66,4749.53,17.26
20/10/2018,Sat,VIC,42.83,4027.98,615.01
21/10/2018,Sun,VIC,77.53,3732.08,469.91
22/10/2018,Mon,VIC,59.48,4476.6,195.65
23/10/2018,Tue,VIC,57.9,4427.17,319.64
24/10/2018,Wed,VIC,84.16,4481.07,-152.94
25/10/2018,Thu,VIC,107.34,4680.78,-234.18
26/10/2018,Fri,VIC,98.02,4450.51,65.55
27/10/2018,Sat,VIC,64.02,3860.65,359.59
28/10/2018,Sun,VIC,70.31,3624.07,272.51
29/10/2018,Mon,VIC,115.46,4492.68,-35.64
30/10/2018,Tue,VIC,103.62,4799.19,-332.86
31/10/2018,Wed,VIC,162.55,5028.87,110.12
1/11/2018,Thu,VIC,117.54,5607.41,44
2/11/2018,Fri,VIC,101.01,5456.2,64.92
3/11/2018,Sat,VIC,65.58,3623.72,920.94
4/11/2018,Sun,VIC,69.23,3803.19,430.54
5/11/2018,Mon,VIC,80.94,4779.69,276.25
6/11/2018,Tue,VIC,56.08,4053.39,633.55
7/11/2018,Wed,VIC,63.37,4440.59,241.63
8/11/2018,Thu,VIC,65.7,4448.1,-349.74
9/11/2018,Fri,VIC,84.21,4541.36,-171.99
10/11/2018,Sat,VIC,62.81,3873.29,246.43
11/11/2018,Sun,VIC,58.72,3680.99,508.61
12/11/2018,Mon,VIC,148.87,5382.13,-605.32
13/11/2018,Tue,VIC,86.51,5590.21,-498.95
14/11/2018,Wed,VIC,94.01,5082.08,-201.8
15/11/2018,Thu,VIC,76.98,4490.68,48.05
16/11/2018,Fri,VIC,80.48,4399.76,354.03
17/11/2018,Sat,VIC,77.51,3440.72,255.6
18/11/2018,Sun,VIC,79.77,3877.7,-449.42
19/11/2018,Mon,VIC,149.89,5643.16,-871.82
20/11/2018,Tue,VIC,120.92,5820.13,-1225.8
21/11/2018,Wed,VIC,73.17,4512.69,-630.24
22/11/2018,Thu,VIC,55.08,4439.57,-32.1
23/11/2018,Fri,VIC,65.02,5115.09,-579.55
24/11/2018,Sat,VIC,108.25,4179.01,-772.65
25/11/2018,Sun,VIC,70.12,3759.43,-308.52
26/11/2018,Mon,VIC,100.88,4636.1,-897.56
27/11/2018,Tue,VIC,83.53,4754.48,-482.42
28/11/2018,Wed,VIC,61.91,4506.54,113.05
29/11/2018,Thu,VIC,93.22,4703.35,-269.91
30/11/2018,Fri,VIC,67.36,4470.54,-12.56
1/12/2018,Sat,VIC,20.8,4296.57,625.18
2/12/2018,Sun,VIC,-5,3599.1,755.43
3/12/2018,Mon,VIC,85.48,4711.48,258.85
4/12/2018,Tue,VIC,121.35,4753.1,151.62
5/12/2018,Wed,VIC,138.95,5070.05,-254.53
6/12/2018,Thu,VIC,311.86,6828.38,-792.93
7/12/2018,Fri,VIC,69.41,8303.7,-856.2
8/12/2018,Sat,VIC,144.16,5812.52,-1310.53
9/12/2018,Sun,VIC,82.22,4534.25,-622.8
10/12/2018,Mon,VIC,100.1,4839.18,-783.45
11/12/2018,Tue,VIC,138.9,5175.54,-707.1
12/12/2018,Wed,VIC,315.33,6810.69,-869.69
13/12/2018,Thu,VIC,101.89,5044.42,-241.74
14/12/2018,Fri,VIC,114.5,4988.22,-1281.73
15/12/2018,Sat,VIC,76.05,4086.91,381.11
16/12/2018,Sun,VIC,105.86,4269.62,-541.16
17/12/2018,Mon,VIC,108.62,5162.35,158.55
18/12/2018,Tue,VIC,97.06,5020.95,148.3
19/12/2018,Wed,VIC,290,5788.96,-296.36
20/12/2018,Thu,VIC,75.94,4703.01,302.75
21/12/2018,Fri,VIC,60.14,4262.51,673.9
22/12/2018,Sat,VIC,57.84,3565.71,1238.07
23/12/2018,Sun,VIC,52.67,3827.01,776.7
24/12/2018,Mon,VIC,130.09,5408.72,-279.85
25/12/2018,Tue,VIC,55.84,4284.93,462.27
26/12/2018,Wed,VIC,97.05,4394.62,402.62
27/12/2018,Thu,VIC,129.05,7021.48,-420.71
28/12/2018,Fri,VIC,244.62,6800.85,-577.93
29/12/2018,Sat,VIC,87.14,4748.2,-47.95
30/12/2018,Sun,VIC,103.04,4307.1,679.04
31/12/2018,Mon,VIC,88.23,4816.93,411.56
1/01/2019,Tue,VIC,88.23,4406.7,604.2
2/01/2019,Wed,VIC,100,4789.12,733.59
3/01/2019,Thu,VIC,124.26,5650.26,607.61
4/01/2019,Fri,VIC,222.08,8008.76,-1375.71
5/01/2019,Sat,VIC,37.63,3722.66,886.26
6/01/2019,Sun,VIC,58.9,3648.94,859.26
7/01/2019,Mon,VIC,88.54,5057.09,180.05
8/01/2019,Tue,VIC,104.37,5179.08,-117.69
9/01/2019,Wed,VIC,99.31,4407.52,492.66
10/01/2019,Thu,VIC,107.13,4816.54,-308.5
11/01/2019,Fri,VIC,153.19,5695.76,-193.87
12/01/2019,Sat,VIC,109.15,4905.99,410.47
13/01/2019,Sun,VIC,64.63,4629.06,570.94
14/01/2019,Mon,VIC,230.16,8119.29,-702.57
15/01/2019,Tue,VIC,146.79,8029.52,-164.11
16/01/2019,Wed,VIC,122.14,6600.47,-193.83
17/01/2019,Thu,VIC,226.94,7375.4,270.53
18/01/2019,Fri,VIC,182.39,6391.01,-87.29
19/01/2019,Sat,VIC,69.45,4118.87,837.52
20/01/2019,Sun,VIC,76.73,4383.29,706.78
21/01/2019,Mon,VIC,260.53,6531.95,50.91
22/01/2019,Tue,VIC,293.07,7282.03,133.63
23/01/2019,Wed,VIC,152.98,5983.88,705.11
24/01/2019,Thu,VIC,494.51,8369.76,-344.21
25/01/2019,Fri,VIC,293.33,8330.17,-1098.39
26/01/2019,Sat,VIC,213.25,5195.51,-383.88
27/01/2019,Sun,VIC,64.37,4139.98,455.7
28/01/2019,Mon,VIC,196.5,5401.84,-556.67
29/01/2019,Tue,VIC,300,7508.53,-1129.12
30/01/2019,Wed,VIC,291.67,8119.42,-1172.56
31/01/2019,Thu,VIC,112.07,4676.24,470
1/02/2019,Fri,VIC,92.86,4457.89,-36.24
2/02/2019,Sat,VIC,297.71,6294.02,-307.72
3/02/2019,Sun,VIC,111.32,7468.97,-145.68
4/02/2019,Mon,VIC,139.12,5542.23,536.59
5/02/2019,Tue,VIC,101.42,5447.6,289.35
6/02/2019,Wed,VIC,290,7525.98,-351.99
7/02/2019,Thu,VIC,132.36,6965.35,-311.94
8/02/2019,Fri,VIC,106.88,5047.71,-27.64
9/02/2019,Sat,VIC,-11.25,3626.02,658.98
10/02/2019,Sun,VIC,60.2,3649.75,945.78
11/02/2019,Mon,VIC,99.12,5220.86,120.21
12/02/2019,Tue,VIC,10.07,4478.11,561.21
13/02/2019,Wed,VIC,81.67,4430.48,869.91
14/02/2019,Thu,VIC,99.21,4431.22,177.51
15/02/2019,Fri,VIC,116.71,5166.87,176.41
16/02/2019,Sat,VIC,111.31,4570.68,103.29
17/02/2019,Sun,VIC,113.52,4931.36,549.36
18/02/2019,Mon,VIC,102.29,5041.35,410.48
19/02/2019,Tue,VIC,109.92,4684.07,447.4
20/02/2019,Wed,VIC,99.13,4568.22,274.29
21/02/2019,Thu,VIC,100,4676.47,-5.79
22/02/2019,Fri,VIC,113.93,4643.05,50.12
23/02/2019,Sat,VIC,48.36,4110.98,458.03
24/02/2019,Sun,VIC,120.64,4977.52,14.69
25/02/2019,Mon,VIC,312.72,6780.7,-522.96
26/02/2019,Tue,VIC,147.94,5645.27,490.68
27/02/2019,Wed,VIC,142.76,5991.71,335.7
28/02/2019,Thu,VIC,301.79,7978.7,-129.26
1/03/2019,Fri,VIC,251.94,8705.54,-343.91
2/03/2019,Sat,VIC,264.9,7540.74,374.65
3/03/2019,Sun,VIC,248.78,7674.69,-316.98
4/03/2019,Mon,VIC,148.96,6851.83,-289.63
5/03/2019,Tue,VIC,113.03,5747.71,23.28
6/03/2019,Wed,VIC,51.05,4530.88,942.29
7/03/2019,Thu,VIC,110.6,4780.24,87.49
8/03/2019,Fri,VIC,117.46,5503.65,-75.45
9/03/2019,Sat,VIC,50.1,4521.47,482.41
10/03/2019,Sun,VIC,66.44,4341.61,953.1
11/03/2019,Mon,VIC,37.93,4256.29,889.8
12/03/2019,Tue,VIC,72.59,4670.6,818.36
13/03/2019,Wed,VIC,111.19,4989.41,-297.24
14/03/2019,Thu,VIC,115.48,4682.49,168.01
15/03/2019,Fri,VIC,112.07,4618.63,461.94
16/03/2019,Sat,VIC,96.17,4489.49,208.94
17/03/2019,Sun,VIC,118.89,4662.13,-41.29
18/03/2019,Mon,VIC,127.09,5749.43,-70.73
19/03/2019,Tue,VIC,102.18,5598.37,22.18
20/03/2019,Wed,VIC,130.21,5698.41,189.08
21/03/2019,Thu,VIC,127.18,5736.24,-65.5
22/03/2019,Fri,VIC,138.82,6291.13,-50.4
23/03/2019,Sat,VIC,146.03,4864.55,236.78
24/03/2019,Sun,VIC,105.03,4834.91,563.46
25/03/2019,Mon,VIC,84.31,4316.7,973.11
26/03/2019,Tue,VIC,89.85,4489.53,182.65
27/03/2019,Wed,VIC,99.01,4702.14,120.22
28/03/2019,Thu,VIC,102.64,5019.34,139.28
29/03/2019,Fri,VIC,90.67,5035.4,28.92
30/03/2019,Sat,VIC,50.1,4004.02,878.09
31/03/2019,Sun,VIC,70.32,4367.9,-102.3
1/04/2019,Mon,VIC,107.97,4870.28,-556.87
2/04/2019,Tue,VIC,109.73,4714.57,-323.95
3/04/2019,Wed,VIC,115.33,5273.5,219.49
4/04/2019,Thu,VIC,118.84,5097.55,-186.78
5/04/2019,Fri,VIC,94.49,5158.45,-298.55
6/04/2019,Sat,VIC,96.74,4106.41,-34.67
7/04/2019,Sun,VIC,20.28,3545.27,657.45
8/04/2019,Mon,VIC,113.28,4680.24,244.25
9/04/2019,Tue,VIC,100.37,4695.64,237.51
10/04/2019,Wed,VIC,100.73,5182.7,-104.23
11/04/2019,Thu,VIC,116.44,4753.27,107
12/04/2019,Fri,VIC,121.47,4596.85,-466.42
13/04/2019,Sat,VIC,86.46,4188.27,-511.86
14/04/2019,Sun,VIC,106.46,3960.8,-149.82
15/04/2019,Mon,VIC,105.32,5180.66,-268.25
16/04/2019,Tue,VIC,113.89,5461.02,76.38
17/04/2019,Wed,VIC,150.91,5665.98,-268.71
18/04/2019,Thu,VIC,115.81,4882.42,-329.97
19/04/2019,Fri,VIC,78.2,3759.24,253.65
20/04/2019,Sat,VIC,86.31,4024.66,256.16
21/04/2019,Sun,VIC,77.8,4121.88,188.31
22/04/2019,Mon,VIC,101.17,4245.7,-63
23/04/2019,Tue,VIC,86.16,4947.17,-89.22
24/04/2019,Wed,VIC,76.15,4846.99,0.35
25/04/2019,Thu,VIC,39.54,3802.82,1115.87
26/04/2019,Fri,VIC,50.7,4306.7,340.52
27/04/2019,Sat,VIC,58.71,4314.34,64.52
28/04/2019,Sun,VIC,76.52,4172.29,-153.22
29/04/2019,Mon,VIC,112.52,4778.53,-741.75
30/04/2019,Tue,VIC,91.8,4540.83,-48.26
1/05/2019,Wed,VIC,99.23,4857.83,-389.64
2/05/2019,Thu,VIC,103.46,4806.69,-291.56
3/05/2019,Fri,VIC,95.96,4560.38,-812.77
4/05/2019,Sat,VIC,75.79,4233.68,-308.92
5/05/2019,Sun,VIC,101.84,4155.63,-612.04
6/05/2019,Mon,VIC,107.06,5065.27,-1125.79
7/05/2019,Tue,VIC,64.99,4591.09,-359.28
8/05/2019,Wed,VIC,95.82,5062.55,-622.24
9/05/2019,Thu,VIC,89.25,5337.43,-491.94
10/05/2019,Fri,VIC,88.62,5576.48,-138.16
11/05/2019,Sat,VIC,78.91,4678.35,-467.28
12/05/2019,Sun,VIC,71.55,4469.58,-6.84
13/05/2019,Mon,VIC,70.23,4904,229.71
14/05/2019,Tue,VIC,77.81,5150.8,-219.3
15/05/2019,Wed,VIC,95,5179.79,132.04
16/05/2019,Thu,VIC,98.11,5061.02,40.15
17/05/2019,Fri,VIC,88.07,4993.64,42.43
18/05/2019,Sat,VIC,82.29,4189.36,-335.52
19/05/2019,Sun,VIC,67.15,3916.49,67.55
20/05/2019,Mon,VIC,78.73,5154.07,-321.1
21/05/2019,Tue,VIC,97.17,5129.86,-843.22
22/05/2019,Wed,VIC,106.75,5006.59,-672.47
23/05/2019,Thu,VIC,71.63,4821.92,-211.26
24/05/2019,Fri,VIC,73.2,5002.93,-133.73
25/05/2019,Sat,VIC,57.54,4186.46,32.26
26/05/2019,Sun,VIC,51.1,4327.92,475.9
27/05/2019,Mon,VIC,80.04,5601.69,-291.76
28/05/2019,Tue,VIC,77.61,5841.06,-887.26
29/05/2019,Wed,VIC,75.17,5944,-311.82
30/05/2019,Thu,VIC,80.45,5982.9,-464.12
31/05/2019,Fri,VIC,95.85,5884.01,-217.5
1/06/2019,Sat,VIC,99.47,5012.24,-225.29
2/06/2019,Sun,VIC,96.7,4718.26,-202.8
3/06/2019,Mon,VIC,78.22,6191.28,-716.25
4/06/2019,Tue,VIC,102.98,5705.34,-171.01
5/06/2019,Wed,VIC,116.98,6033.81,-161.71
6/06/2019,Thu,VIC,122.83,5738.04,-377.24
7/06/2019,Fri,VIC,116.82,5187.2,-535.18
8/06/2019,Sat,VIC,103.48,4300.43,335.62
9/06/2019,Sun,VIC,66.87,4232.71,805.3
10/06/2019,Mon,VIC,49.08,4363.08,786.61
11/06/2019,Tue,VIC,47.35,4851.72,495.16
12/06/2019,Wed,VIC,73.22,5887.52,-345.62
13/06/2019,Thu,VIC,77.3,5237.51,-199.25
14/06/2019,Fri,VIC,70.83,5205.71,-245.19
15/06/2019,Sat,VIC,106.27,4905.53,-374.18
16/06/2019,Sun,VIC,98.68,4561.87,-168.92
17/06/2019,Mon,VIC,74.97,5147.77,48.99
18/06/2019,Tue,VIC,105.65,6200.63,-567.78
19/06/2019,Wed,VIC,141.67,6109.81,-436.38
20/06/2019,Thu,VIC,128.72,6502.03,-49.61
21/06/2019,Fri,VIC,108.9,5989.85,-256.34
22/06/2019,Sat,VIC,108.43,5498.65,-445.22
23/06/2019,Sun,VIC,108.53,5324.23,-761.64
24/06/2019,Mon,VIC,108.43,5833.93,-394.22
25/06/2019,Tue,VIC,102.98,5808.45,-814.31
26/06/2019,Wed,VIC,84.24,5377.95,-247.49
27/06/2019,Thu,VIC,52.33,5025.29,317.19
28/06/2019,Fri,VIC,51.36,4903.09,386.85
29/06/2019,Sat,VIC,57.68,5342.81,-45.2
30/06/2019,Sun,VIC,31.46,4678.6,545.81
1/07/2019,Mon,VIC,64.67,5749.31,-326.75
2/07/2019,Tue,VIC,85.99,5856.84,-263.28
3/07/2019,Wed,VIC,99.1,5901.41,-431.13
4/07/2019,Thu,VIC,75.17,5342.71,-260.73
5/07/2019,Fri,VIC,73.11,5215.78,-293.19
6/07/2019,Sat,VIC,59.44,4359.47,144.57
7/07/2019,Sun,VIC,115.62,4899.21,-789.69
8/07/2019,Mon,VIC,81.95,5251.2,-522.33
9/07/2019,Tue,VIC,112.62,5723.18,-679.21
10/07/2019,Wed,VIC,77.95,5533.34,-440.74
11/07/2019,Thu,VIC,98.64,5849.39,-797.22
12/07/2019,Fri,VIC,85.37,5391.64,-683.92
13/07/2019,Sat,VIC,70.08,5122.21,-651.79
14/07/2019,Sun,VIC,79.92,5334.82,-468.81
15/07/2019,Mon,VIC,81.31,5724.37,-435.58
16/07/2019,Tue,VIC,99.1,5782.5,-303.28
17/07/2019,Wed,VIC,79.13,5852.74,-1014.29
18/07/2019,Thu,VIC,45.83,5370.86,-550.79
19/07/2019,Fri,VIC,75.86,5126.89,-912.05
20/07/2019,Sat,VIC,2.03,3959.35,203.33
21/07/2019,Sun,VIC,27.79,4300.81,21.89
22/07/2019,Mon,VIC,46.53,4790.81,-266.9
23/07/2019,Tue,VIC,57.06,5523.94,-888.61
24/07/2019,Wed,VIC,95.19,5737.38,-945.34
25/07/2019,Thu,VIC,88.01,5638.8,-852.23
26/07/2019,Fri,VIC,113.87,6027.38,-830.68
27/07/2019,Sat,VIC,78.23,5000.69,-585.13
28/07/2019,Sun,VIC,58.25,4506.69,-334.02
29/07/2019,Mon,VIC,94.83,5544.28,-594.84
30/07/2019,Tue,VIC,87.56,5767.73,-448.44
31/07/2019,Wed,VIC,97.54,5542.56,-241.75
1/08/2019,Thu,VIC,94.86,5589.05,-720.89
2/08/2019,Fri,VIC,121.25,5617.79,-828.3
3/08/2019,Sat,VIC,101.7,4984.9,-726.61
4/08/2019,Sun,VIC,91.23,4955.57,-1017.75
5/08/2019,Mon,VIC,86.98,4978.02,-853.13
6/08/2019,Tue,VIC,77.39,5793.72,-1149.16
7/08/2019,Wed,VIC,90.05,5537.48,-996.53
8/08/2019,Thu,VIC,83.09,5416.82,-606.31
9/08/2019,Fri,VIC,117.67,6419.31,-1031.19
10/08/2019,Sat,VIC,82.68,5166.01,-351.52
